id;age;sex;education
;0;Muž;Stredná škola - výučný list
joy;fear;disgust;sadness;anger;surprise;contempt;valence;engagement;affectivaAgeGroup;affectivaGender;Timestamp;TimeReacted
NaN;NaN;NaN;NaN;NaN;NaN;NaN;NaN;NaN;NaN;NaN;;0
99.3835;1.09649e-06;0.0927746;8.0298e-05;2.25528e-05;31.6538;0.000293084;81.4673;99.4732;35-44;male;;21
99.3835;1.09649e-06;0.0927746;8.0298e-05;2.25528e-05;31.6538;0.000293084;81.4673;99.4732;35-44;male;;40
99.455;9.41609e-07;0.102167;4.637e-05;2.87987e-05;28.6915;0.000276371;84.2304;99.5265;35-44;male;;61
99.455;9.41609e-07;0.102167;4.637e-05;2.87987e-05;28.6915;0.000276371;84.2304;99.5265;35-44;male;;80
99.4721;8.12749e-07;0.100081;2.50939e-05;4.08163e-05;25.2417;0.000271734;87.4913;99.5396;35-44;male;;100
99.4721;8.12749e-07;0.100081;2.50939e-05;4.08163e-05;25.2417;0.000271734;87.4913;99.5396;35-44;male;;120
99.5865;6.29337e-07;0.0916426;1.15713e-05;5.56738e-05;21.713;0.000242346;91.1998;99.6276;35-44;male;;140
99.5865;6.29337e-07;0.0916426;1.15713e-05;5.56738e-05;21.713;0.000242346;91.1998;99.6276;35-44;male;;160
99.6355;5.43118e-07;0.0796205;7.04775e-06;6.87189e-05;19.5903;0.000228527;93.7121;99.6665;35-44;male;;181
99.6355;5.43118e-07;0.0796205;7.04775e-06;6.87189e-05;19.5903;0.000228527;93.7121;99.6665;35-44;male;;200
99.7212;4.54169e-07;0.0667385;4.60437e-06;7.42695e-05;18.181;0.000201999;95.5043;99.7359;35-44;male;;221
99.7212;4.54169e-07;0.0667385;4.60437e-06;7.42695e-05;18.181;0.000201999;95.5043;99.7359;35-44;male;;249
99.7657;3.88346e-07;0.059504;2.91262e-06;8.71666e-05;16.5329;0.00018648;97.5238;99.7731;35-44;male;;260
99.7657;3.88346e-07;0.059504;2.91262e-06;8.71666e-05;16.5329;0.00018648;97.5238;99.7731;35-44;male;;281
99.8232;3.34137e-07;0.0460852;2.18238e-06;8.60263e-05;15.8561;0.000163875;98.4201;99.8223;35-44;male;;300
99.8232;3.34137e-07;0.0460852;2.18238e-06;8.60263e-05;15.8561;0.000163875;98.4201;99.8223;35-44;male;;348
99.8599;2.97392e-07;0.0330442;1.69112e-06;8.59696e-05;15.2511;0.000147317;99.2358;99.8549;35-44;male;;368
99.8599;2.97392e-07;0.0330442;1.69112e-06;8.59696e-05;15.2511;0.000147317;99.2358;99.8549;35-44;male;;388
99.8632;2.96478e-07;0.0303574;1.68392e-06;8.4695e-05;15.2677;0.000145696;99.2375;99.8579;35-44;male;;409
99.8632;2.96478e-07;0.0303574;1.68392e-06;8.4695e-05;15.2677;0.000145696;99.2375;99.8579;35-44;male;;429
99.875;2.83187e-07;0.0271195;1.51243e-06;8.48118e-05;14.9606;0.000139742;99.607;99.8688;35-44;male;;449
99.875;2.83187e-07;0.0271195;1.51243e-06;8.48118e-05;14.9606;0.000139742;99.607;99.8688;35-44;male;;469
99.8885;2.69398e-07;0.0229879;1.41711e-06;8.1705e-05;14.8897;0.000132718;99.7074;99.8812;35-44;male;;488
99.8885;2.69398e-07;0.0229879;1.41711e-06;8.1705e-05;14.8897;0.000132718;99.7074;99.8812;35-44;male;;511
99.8923;2.58291e-07;0.0214727;1.35767e-06;8.10213e-05;14.6215;0.000131198;99.8895;99.8854;35-44;male;;529
99.8923;2.58291e-07;0.0214727;1.35767e-06;8.10213e-05;14.6215;0.000131198;99.8895;99.8854;35-44;male;;648
99.897;2.54293e-07;0.0173371;1.35155e-06;7.76445e-05;14.4089;0.000129477;99.9044;99.8909;35-44;male;;669
99.897;2.54293e-07;0.0173371;1.35155e-06;7.76445e-05;14.4089;0.000129477;99.9044;99.8909;35-44;male;;688
99.9015;2.51621e-07;0.0149756;1.31208e-06;7.75246e-05;14.5261;0.000128096;99.912;99.8944;35-44;male;;708
99.9015;2.51621e-07;0.0149756;1.31208e-06;7.75246e-05;14.5261;0.000128096;99.912;99.8944;35-44;male;;728
99.8965;2.5852e-07;0.0140354;1.34393e-06;7.85104e-05;14.4413;0.000133731;99.8932;99.8901;35-44;male;;748
99.8965;2.5852e-07;0.0140354;1.34393e-06;7.85104e-05;14.4413;0.000133731;99.8932;99.8901;35-44;male;;779
99.8774;2.75952e-07;0.0125089;1.49108e-06;7.98649e-05;14.0031;0.000145272;99.84;99.875;35-44;male;;788
99.8774;2.75952e-07;0.0125089;1.49108e-06;7.98649e-05;14.0031;0.000145272;99.84;99.875;35-44;male;;847
99.8218;3.15897e-07;0.0125266;1.82536e-06;8.67392e-05;13.4882;0.000182495;99.8571;99.8309;35-44;male;;867
99.8218;3.15897e-07;0.0125266;1.82536e-06;8.67392e-05;13.4882;0.000182495;99.8571;99.8309;35-44;male;;888
99.6846;3.94321e-07;0.0165365;2.2981e-06;0.00011073;13.6058;0.000246572;99.8214;99.72;35-44;male;;908
99.6846;3.94321e-07;0.0165365;2.2981e-06;0.00011073;13.6058;0.000246572;99.8214;99.72;35-44;male;;947
99.4445;4.72062e-07;0.0179616;3.46199e-06;0.000104811;11.5501;0.000295885;99.0286;99.5898;35-44;male;;968
99.4445;4.72062e-07;0.0179616;3.46199e-06;0.000104811;11.5501;0.000295885;99.0286;99.5898;35-44;male;;987
98.9838;5.625e-07;0.0201873;5.88929e-06;8.55249e-05;8.88404;0.000340138;94.6359;99.4168;35-44;male;;1008
98.9838;5.625e-07;0.0201873;5.88929e-06;8.55249e-05;8.88404;0.000340138;94.6359;99.4168;35-44;male;;1047
98.3561;7.31197e-07;0.0232888;7.96027e-06;9.69908e-05;8.76429;0.000414084;89.7798;99.1165;35-44;male;;1048
98.3561;7.31197e-07;0.0232888;7.96027e-06;9.69908e-05;8.76429;0.000414084;89.7798;99.1165;35-44;male;;1819
0.550224;0.000829148;0.437804;0.000272005;0.00649074;1.51037;0.0290443;35.0978;27.5754;unknown;unknown;;1839
0.550224;0.000829148;0.437804;0.000272005;0.00649074;1.51037;0.0290443;35.0978;27.5754;unknown;unknown;;1859
7.34369e-05;0.0414104;32.5902;0.504959;3.53895;0.0140018;0.653858;-39.3122;86.7658;unknown;unknown;;1879
7.34369e-05;0.0414104;32.5902;0.504959;3.53895;0.0140018;0.653858;-39.3122;86.7658;unknown;unknown;;1899
0.0160978;0.00295864;0.83621;0.00318588;0.0104317;0.562179;0.110465;3.19042;5.85039;unknown;unknown;;1920
0.0160978;0.00295864;0.83621;0.00318588;0.0104317;0.562179;0.110465;3.19042;5.85039;unknown;unknown;;1939
0.00504332;0.00402944;1.00607;0.0114734;0.0063375;0.268297;0.147437;0;1.12297;unknown;unknown;;1959
0.00504332;0.00402944;1.00607;0.0114734;0.0063375;0.268297;0.147437;0;1.12297;unknown;unknown;;1979
0.00551677;0.00351343;0.551033;0.0120647;0.00261028;0.294107;0.137544;0;0.341744;unknown;unknown;;1999
0.00551677;0.00351343;0.551033;0.0120647;0.00261028;0.294107;0.137544;0;0.341744;unknown;unknown;;2019
0.0128967;0.00258465;0.349812;0.00876253;0.00172876;0.341137;0.0980898;5.32691;0.351757;unknown;unknown;;2039
0.0128967;0.00258465;0.349812;0.00876253;0.00172876;0.341137;0.0980898;5.32691;0.351757;unknown;unknown;;2059
0.0332921;0.00183542;0.245721;0.00588971;0.00127315;0.384666;0.0669126;12.9788;0.688461;unknown;unknown;;2079
0.0332921;0.00183542;0.245721;0.00588971;0.00127315;0.384666;0.0669126;12.9788;0.688461;unknown;unknown;;2099
0.15956;0.00107471;0.159945;0.00298887;0.000819588;0.494761;0.0341325;22.9484;2.34076;unknown;unknown;;2120
0.15956;0.00107471;0.159945;0.00298887;0.000819588;0.494761;0.0341325;22.9484;2.34076;unknown;unknown;;2139
0.0831817;0.00120686;0.1516;0.00439395;0.000738839;0.34198;0.0411274;20.9701;1.62194;unknown;unknown;;2159
0.0831817;0.00120686;0.1516;0.00439395;0.000738839;0.34198;0.0411274;20.9701;1.62194;unknown;unknown;;2179
0.0297258;0.00166733;0.192887;0.00678416;0.000934133;0.274333;0.0614705;14.2796;0.742348;unknown;unknown;;2199
0.0297258;0.00166733;0.192887;0.00678416;0.000934133;0.274333;0.0614705;14.2796;0.742348;unknown;unknown;;2347
0.00187783;0.00449282;0.436806;0.0229334;0.00207284;0.200904;0.19382;0;0.087494;unknown;unknown;;2367
0.00187783;0.00449282;0.436806;0.0229334;0.00207284;0.200904;0.19382;0;0.087494;unknown;unknown;;2387
0;0;0;0;0;0;0;0;0;unknown;unknown;;2408
0;0;0;0;0;0;0;0;0;unknown;unknown;;4914
99.3654;0.000547771;0.00168968;0.00520556;3.79997e-07;3.8102;0.000222924;63.8426;99.7689;unknown;unknown;;4934
99.3654;0.000547771;0.00168968;0.00520556;3.79997e-07;3.8102;0.000222924;63.8426;99.7689;unknown;unknown;;4954
97.219;0.000621486;0.00591603;0.000911408;4.5641e-06;2.91484;0.00288088;63.6682;98.9408;unknown;unknown;;4975
97.219;0.000621486;0.00591603;0.000911408;4.5641e-06;2.91484;0.00288088;63.6682;98.9408;unknown;unknown;;4995
97.1934;4.1194e-05;0.00515984;3.5732e-05;3.07206e-05;0.960228;0.00262238;79.7547;99.0109;unknown;unknown;;5014
97.1934;4.1194e-05;0.00515984;3.5732e-05;3.07206e-05;0.960228;0.00262238;79.7547;99.0109;unknown;unknown;;5050
56.5525;0.000106036;0.0118097;0.000183534;5.99211e-05;0.551552;0.0668384;60.7377;88.6495;unknown;unknown;;5054
56.5525;0.000106036;0.0118097;0.000183534;5.99211e-05;0.551552;0.0668384;60.7377;88.6495;unknown;unknown;;5082
0.595495;0.000562531;0.0685214;0.00175765;0.000349653;0.335516;15.5468;29.2552;8.38407;unknown;unknown;;5094
0.595495;0.000562531;0.0685214;0.00175765;0.000349653;0.335516;15.5468;29.2552;8.38407;unknown;unknown;;5153
0.376206;0.000622281;0.0726573;0.0021598;0.000367759;0.285188;21.9035;27.3574;6.22449;unknown;unknown;;5173
0.376206;0.000622281;0.0726573;0.0021598;0.000367759;0.285188;21.9035;27.3574;6.22449;unknown;unknown;;5193
0.230372;0.000712892;0.0827456;0.00266159;0.000416936;0.261066;31.0702;24.7959;4.32281;unknown;unknown;;5213
0.230372;0.000712892;0.0827456;0.00266159;0.000416936;0.261066;31.0702;24.7959;4.32281;unknown;unknown;;5250
0.0878432;0.0010416;0.117577;0.00417079;0.000570907;0.249125;56.0899;18.3204;1.96407;unknown;unknown;;5253
0.0878432;0.0010416;0.117577;0.00417079;0.000570907;0.249125;56.0899;18.3204;1.96407;unknown;unknown;;5282
0.0278403;0.00160583;0.171575;0.00718422;0.000806871;0.229698;80.7012;11.3473;0.765841;55-64;unknown;;5293
0.0278403;0.00160583;0.171575;0.00718422;0.000806871;0.229698;80.7012;11.3473;0.765841;55-64;unknown;;5351
0.0672745;0.00112396;0.118519;0.00517858;0.000550106;0.230515;58.844;17.3142;1.64473;55-64;unknown;;5372
0.0672745;0.00112396;0.118519;0.00517858;0.000550106;0.230515;58.844;17.3142;1.64473;55-64;unknown;;5413
0.0726016;0.00106363;0.109054;0.005125;0.000501445;0.217356;30.0443;18.2394;1.81134;55-64;unknown;;5434
0.0726016;0.00106363;0.109054;0.005125;0.000501445;0.217356;30.0443;18.2394;1.81134;55-64;unknown;;5454
0.0532591;0.00119014;0.119964;0.00592362;0.000548447;0.211421;7.67299;16.6075;1.41071;55-64;unknown;;5473
0.0532591;0.00119014;0.119964;0.00592362;0.000548447;0.211421;7.67299;16.6075;1.41071;55-64;unknown;;6181
0.00209767;0.00427018;0.414609;0.0224541;0.00192126;0.196668;3.99768;0;0.0883528;unknown;unknown;;6202
0.00209767;0.00427018;0.414609;0.0224541;0.00192126;0.196668;3.99768;0;0.0883528;unknown;unknown;;6682
0.00197307;0.00443615;0.393368;0.0230802;0.00202207;0.195939;0.188163;0;0.0865058;unknown;unknown;;6702
0.00197307;0.00443615;0.393368;0.0230802;0.00202207;0.195939;0.188163;0;0.0865058;unknown;unknown;;6722
0.00193447;0.00442881;0.400548;0.0231749;0.00201144;0.194839;0.188414;0;0.0842544;unknown;unknown;;6742
0.00193447;0.00442881;0.400548;0.0231749;0.00201144;0.194839;0.188414;0;0.0842544;unknown;unknown;;6762
0.00205081;0.00435028;0.39132;0.022617;0.00197084;0.195507;0.183656;0;0.0869155;unknown;unknown;;6783
0.00205081;0.00435028;0.39132;0.022617;0.00197084;0.195507;0.183656;0;0.0869155;unknown;unknown;;6802
0.00195629;0.00444314;0.391895;0.0229344;0.00204527;0.196024;0.187741;0;0.0872894;unknown;unknown;;6822
0.00195629;0.00444314;0.391895;0.0229344;0.00204527;0.196024;0.187741;0;0.0872894;unknown;unknown;;6842
0.00196984;0.00443333;0.417396;0.0234884;0.00192363;0.196719;0.187707;0;0.0836997;unknown;unknown;;6862
0.00196984;0.00443333;0.417396;0.0234884;0.00192363;0.196719;0.187707;0;0.0836997;unknown;unknown;;6882
0.00193897;0.0044718;0.421418;0.0238097;0.00193542;0.196954;0.188847;0;0.0825425;unknown;unknown;;6902
0.00193897;0.0044718;0.421418;0.0238097;0.00193542;0.196954;0.188847;0;0.0825425;unknown;unknown;;6922
0.00205019;0.00436158;0.418809;0.0224724;0.00195892;0.198333;0.184785;0;0.085915;unknown;unknown;;6942
0.00205019;0.00436158;0.418809;0.0224724;0.00195892;0.198333;0.184785;0;0.085915;unknown;unknown;;6963
0.00203255;0.00437451;0.416864;0.0225997;0.00195663;0.197504;0.185199;0;0.0854817;unknown;unknown;;6982
0.00203255;0.00437451;0.416864;0.0225997;0.00195663;0.197504;0.185199;0;0.0854817;unknown;unknown;;7786
0.00216393;0.00487563;0.515592;0.0244504;0.00216942;0.269043;0.192253;0;0.152767;unknown;unknown;;7806
0.00216393;0.00487563;0.515592;0.0244504;0.00216942;0.269043;0.192253;0;0.152767;unknown;unknown;;7827
0.00204183;0.00470633;0.474386;0.0226188;0.00220434;0.233733;0.192414;0;0.120517;unknown;unknown;;7846
0.00204183;0.00470633;0.474386;0.0226188;0.00220434;0.233733;0.192414;0;0.120517;unknown;unknown;;7866
0.00199251;0.00464608;0.461507;0.0234509;0.0021167;0.224772;0.192214;0;0.108439;unknown;unknown;;7886
0.00199251;0.00464608;0.461507;0.0234509;0.0021167;0.224772;0.192214;0;0.108439;unknown;unknown;;7906
0.00212102;0.00448452;0.490277;0.0192608;0.00248174;0.237167;0.191693;0;0.135597;unknown;unknown;;7927
0.00212102;0.00448452;0.490277;0.0192608;0.00248174;0.237167;0.191693;0;0.135597;unknown;unknown;;7947
0;0;0;0;0;0;0;0;0;unknown;unknown;;7966
0;0;0;0;0;0;0;0;0;unknown;unknown;;7986
0.00268784;0.00432626;0.545397;0.0140042;0.00311627;0.283292;0.183315;0;0.233582;unknown;unknown;;8006
0.00268784;0.00432626;0.545397;0.0140042;0.00311627;0.283292;0.183315;0;0.233582;unknown;unknown;;8027
0;0;0;0;0;0;0;0;0;unknown;unknown;;8047
0;0;0;0;0;0;0;0;0;unknown;unknown;;8067
0.00311673;0.00385167;0.430037;0.0160065;0.00215002;0.233194;0.160691;0;0.135022;unknown;unknown;;8087
0.00311673;0.00385167;0.430037;0.0160065;0.00215002;0.233194;0.160691;0;0.135022;unknown;unknown;;8117
0;0;0;0;0;0;0;0;0;unknown;unknown;;8127
0;0;0;0;0;0;0;0;0;unknown;unknown;;8149
0.00396797;0.00340355;0.371555;0.0158708;0.00169321;0.214092;0.139824;0;0.145536;unknown;unknown;;8166
0.00396797;0.00340355;0.371555;0.0158708;0.00169321;0.214092;0.139824;0;0.145536;unknown;unknown;;8216
0.00679601;0.00276453;0.305274;0.0121797;0.00145567;0.222721;0.110784;1.98375;0.226685;unknown;unknown;;8236
0.00679601;0.00276453;0.305274;0.0121797;0.00145567;0.222721;0.110784;1.98375;0.226685;unknown;unknown;;8284
0.0146319;0.00214911;0.276987;0.00714555;0.00150496;0.275289;0.083674;6.0083;0.386478;unknown;unknown;;8305
0.0146319;0.00214911;0.276987;0.00714555;0.00150496;0.275289;0.083674;6.0083;0.386478;unknown;unknown;;8325
0.0361797;0.00162883;0.263952;0.00356318;0.00174093;0.377791;0.0614036;10.4223;0.69496;unknown;unknown;;8345
0.0361797;0.00162883;0.263952;0.00356318;0.00174093;0.377791;0.0614036;10.4223;0.69496;unknown;unknown;;8365
0.028092;0.00219769;0.581928;0.00192989;0.00595817;0.756469;0.0868315;5.45959;3.73124;unknown;unknown;;8385
0.028092;0.00219769;0.581928;0.00192989;0.00595817;0.756469;0.0868315;5.45959;3.73124;unknown;unknown;;8420
0.053369;0.00174287;0.506138;0.00132365;0.00550751;0.848493;0.0671896;9.11252;5.07808;unknown;unknown;;8425
0.053369;0.00174287;0.506138;0.00132365;0.00550751;0.848493;0.0671896;9.11252;5.07808;unknown;unknown;;8449
0.0730673;0.00144845;0.36701;0.00142833;0.00351699;0.697887;0.0544942;12.0989;2.96147;unknown;unknown;;8465
0.0730673;0.00144845;0.36701;0.00142833;0.00351699;0.697887;0.0544942;12.0989;2.96147;unknown;unknown;;8516
0.0560486;0.00156087;0.370569;0.00176543;0.00332964;0.633484;0.0595235;10.8648;2.24286;unknown;unknown;;8537
0.0560486;0.00156087;0.370569;0.00176543;0.00332964;0.633484;0.0595235;10.8648;2.24286;unknown;unknown;;8584
0.0949337;0.00129202;0.347001;0.00124252;0.00333548;0.730318;0.0488811;13.6543;3.25314;unknown;unknown;;8605
0.0949337;0.00129202;0.347001;0.00124252;0.00333548;0.730318;0.0488811;13.6543;3.25314;unknown;unknown;;8648
0;0;0;0;0;0;0;0;0;unknown;unknown;;8668
0;0;0;0;0;0;0;0;0;unknown;unknown;;8716
0.144295;0.00122434;0.511613;0.000609542;0.00656301;1.2504;0.0479797;13.823;12.9467;unknown;unknown;;8736
0.144295;0.00122434;0.511613;0.000609542;0.00656301;1.2504;0.0479797;13.823;12.9467;unknown;unknown;;8785
0;0;0;0;0;0;0;0;0;unknown;unknown;;8805
0;0;0;0;0;0;0;0;0;unknown;unknown;;8848
0;0;0;0;0;0;0;0;0;unknown;unknown;;8868
0;0;0;0;0;0;0;0;0;unknown;unknown;;8916
0;0;0;0;0;0;0;0;0;unknown;unknown;;8936
0;0;0;0;0;0;0;0;0;unknown;unknown;;8956
0;0;0;0;0;0;0;0;0;unknown;unknown;;8976
0;0;0;0;0;0;0;0;0;unknown;unknown;;8997
0;0;0;0;0;0;0;0;0;unknown;unknown;;9016
0;0;0;0;0;0;0;0;0;unknown;unknown;;9052
79.0653;2.23074e-05;0.0153106;6.32902e-05;6.33888e-05;0.746306;0.000977211;69.9143;94.9143;unknown;unknown;;9057
79.0653;2.23074e-05;0.0153106;6.32902e-05;6.33888e-05;0.746306;0.000977211;69.9143;94.9143;unknown;unknown;;9085
90.1087;1.35473e-05;0.0256886;1.89668e-05;0.000167643;2.09794;0.000857618;71.8693;95.9927;unknown;unknown;;9097
90.1087;1.35473e-05;0.0256886;1.89668e-05;0.000167643;2.09794;0.000857618;71.8693;95.9927;unknown;unknown;;9117
98.0579;4.11101e-06;0.0233831;5.78149e-06;0.000184196;4.95322;0.000461413;81.2804;98.7349;unknown;unknown;;9137
98.0579;4.11101e-06;0.0233831;5.78149e-06;0.000184196;4.95322;0.000461413;81.2804;98.7349;unknown;unknown;;9184
0;0;0;0;0;0;0;0;0;unknown;unknown;;9204
0;0;0;0;0;0;0;0;0;unknown;unknown;;9252
0;0;0;0;0;0;0;0;0;unknown;unknown;;9272
0;0;0;0;0;0;0;0;0;unknown;unknown;;9292
91.9672;4.92925e-06;0.0352384;1.86205e-05;0.000158296;4.21326;0.0007951;72.3621;96.5208;unknown;unknown;;9312
91.9672;4.92925e-06;0.0352384;1.86205e-05;0.000158296;4.21326;0.0007951;72.3621;96.5208;unknown;unknown;;9352
83.2823;6.42916e-06;0.0709916;2.29407e-05;0.000251017;4.40781;0.00118109;66.6654;92.8989;unknown;unknown;;9372
83.2823;6.42916e-06;0.0709916;2.29407e-05;0.000251017;4.40781;0.00118109;66.6654;92.8989;unknown;unknown;;9416
77.2616;7.44378e-06;0.0645393;5.08842e-05;0.000103424;2.03087;0.00112959;67.1331;93.4392;unknown;unknown;;9436
77.2616;7.44378e-06;0.0645393;5.08842e-05;0.000103424;2.03087;0.00112959;67.1331;93.4392;unknown;unknown;;9456
0;0;0;0;0;0;0;0;0;unknown;unknown;;9476
0;0;0;0;0;0;0;0;0;unknown;unknown;;9496
0;0;0;0;0;0;0;0;0;unknown;unknown;;9517
0;0;0;0;0;0;0;0;0;unknown;unknown;;9552
15.2057;1.26498e-05;0.0728252;0.000569875;5.113e-05;0.734512;0.00294911;52.3143;71.0485;unknown;unknown;;9556
15.2057;1.26498e-05;0.0728252;0.000569875;5.113e-05;0.734512;0.00294911;52.3143;71.0485;unknown;unknown;;9584
0;0;0;0;0;0;0;0;0;unknown;unknown;;9596
0;0;0;0;0;0;0;0;0;unknown;unknown;;9652
0;0;0;0;0;0;0;0;0;unknown;unknown;;9672
0;0;0;0;0;0;0;0;0;unknown;unknown;;9692
0.0834742;0.000283516;0.572882;0.00516251;0.000425037;0.398017;0.0337608;17.8206;69.159;unknown;unknown;;9712
0.0834742;0.000283516;0.572882;0.00516251;0.000425037;0.398017;0.0337608;17.8206;69.159;unknown;unknown;;9732
0.0609448;0.000511818;0.820018;0.00571197;0.000486878;0.306048;0.0388372;15.6316;86.5464;unknown;unknown;;9752
0.0609448;0.000511818;0.820018;0.00571197;0.000486878;0.306048;0.0388372;15.6316;86.5464;unknown;unknown;;9773
0.0171833;0.00106161;1.46645;0.00901342;0.000810528;0.279492;0.0692155;7.65646;90.6949;unknown;unknown;;9793
0.0171833;0.00106161;1.46645;0.00901342;0.000810528;0.279492;0.0692155;7.65646;90.6949;unknown;unknown;;9816
0.00655329;0.00188533;1.31312;0.012184;0.00118455;0.259062;0.106294;0.945593;56.4226;unknown;unknown;;9833
0.00655329;0.00188533;1.31312;0.012184;0.00118455;0.259062;0.106294;0.945593;56.4226;unknown;unknown;;11653
0.0340579;0.00181102;0.361961;0.00282189;0.00270921;0.484549;0.0712696;13.3088;1.13193;unknown;unknown;;11674
0.0340579;0.00181102;0.361961;0.00282189;0.00270921;0.484549;0.0712696;13.3088;1.13193;unknown;unknown;;11694
98.1159;1.69712e-05;0.00554578;1.10981e-05;5.97147e-05;0.922174;0.00035962;99.9644;99.2116;unknown;unknown;;11713
98.1159;1.69712e-05;0.00554578;1.10981e-05;5.97147e-05;0.922174;0.00035962;99.9644;99.2116;unknown;unknown;;11733
99.4968;1.11202e-05;0.00479936;4.30605e-06;6.49805e-05;1.34956;0.000222553;99.933;99.6844;unknown;unknown;;11753
99.4968;1.11202e-05;0.00479936;4.30605e-06;6.49805e-05;1.34956;0.000222553;99.933;99.6844;unknown;unknown;;11774
99.5575;1.03651e-05;0.00428022;4.37137e-06;5.55867e-05;1.26897;0.000206543;99.9468;99.7289;unknown;unknown;;11794
99.5575;1.03651e-05;0.00428022;4.37137e-06;5.55867e-05;1.26897;0.000206543;99.9468;99.7289;unknown;unknown;;11813
99.4643;9.98976e-06;0.00309964;7.10804e-06;3.16866e-05;0.860767;0.000199691;99.951;99.7501;unknown;unknown;;11834
99.4643;9.98976e-06;0.00309964;7.10804e-06;3.16866e-05;0.860767;0.000199691;99.951;99.7501;unknown;unknown;;11853
99.4241;9.33335e-06;0.00227227;1.03738e-05;1.8912e-05;0.61811;0.000184764;99.9489;99.7845;unknown;unknown;;11873
99.4241;9.33335e-06;0.00227227;1.03738e-05;1.8912e-05;0.61811;0.000184764;99.9489;99.7845;unknown;unknown;;11919
98.857;1.06973e-05;0.00184274;2.25679e-05;1.15228e-05;0.38422;0.000222695;99.9439;99.7091;unknown;unknown;;11939
98.857;1.06973e-05;0.00184274;2.25679e-05;1.15228e-05;0.38422;0.000222695;99.9439;99.7091;unknown;unknown;;11960
98.6568;1.08001e-05;0.0016166;2.95892e-05;8.97012e-06;0.317302;0.000227549;99.9228;99.7032;unknown;unknown;;11980
98.6568;1.08001e-05;0.0016166;2.95892e-05;8.97012e-06;0.317302;0.000227549;99.9228;99.7032;unknown;unknown;;12019
99.1209;9.10943e-06;0.00138038;2.45919e-05;7.6795e-06;0.322044;0.000183326;99.8759;99.7939;unknown;unknown;;12039
99.1209;9.10943e-06;0.00138038;2.45919e-05;7.6795e-06;0.322044;0.000183326;99.8759;99.7939;unknown;unknown;;12059
99.171;8.79367e-06;0.00129249;2.50633e-05;7.01154e-06;0.309828;0.000175595;99.8254;99.8091;unknown;unknown;;12080
99.171;8.79367e-06;0.00129249;2.50633e-05;7.01154e-06;0.309828;0.000175595;99.8254;99.8091;unknown;unknown;;12100
98.3151;1.11976e-05;0.00142829;4.02349e-05;7.02111e-06;0.25985;0.000238934;99.6852;99.6813;unknown;unknown;;12120
98.3151;1.11976e-05;0.00142829;4.02349e-05;7.02111e-06;0.25985;0.000238934;99.6852;99.6813;unknown;unknown;;12151
96.8749;1.44598e-05;0.00180696;5.31357e-05;8.8342e-06;0.25655;0.00032867;99.6313;99.4528;unknown;unknown;;12159
96.8749;1.44598e-05;0.00180696;5.31357e-05;8.8342e-06;0.25655;0.00032867;99.6313;99.4528;unknown;unknown;;12219
92.26;2.1549e-05;0.00270887;7.8914e-05;1.32778e-05;0.262912;0.000525579;99.6375;98.7337;unknown;unknown;;12239
92.26;2.1549e-05;0.00270887;7.8914e-05;1.32778e-05;0.262912;0.000525579;99.6375;98.7337;unknown;unknown;;12259
89.7048;2.49842e-05;0.00326604;8.63859e-05;1.63647e-05;0.279865;0.000622457;97.8133;98.2818;unknown;unknown;;12279
89.7048;2.49842e-05;0.00326604;8.63859e-05;1.63647e-05;0.279865;0.000622457;97.8133;98.2818;unknown;unknown;;12319
78.8871;3.61303e-05;0.00487343;0.00011916;2.47895e-05;0.298535;0.000940774;89.838;96.3468;unknown;unknown;;12320
78.8871;3.61303e-05;0.00487343;0.00011916;2.47895e-05;0.298535;0.000940774;89.838;96.3468;unknown;unknown;;12392
59.1415;5.55796e-05;0.00825504;0.000157952;4.41399e-05;0.341713;0.00152525;80.8991;91.4013;unknown;unknown;;12413
59.1415;5.55796e-05;0.00825504;0.000157952;4.41399e-05;0.341713;0.00152525;80.8991;91.4013;unknown;unknown;;12433
45.5591;7.7244e-05;0.013724;0.000158873;8.3967e-05;0.466676;0.00214532;74.8864;84.5812;unknown;unknown;;12454
45.5591;7.7244e-05;0.013724;0.000158873;8.3967e-05;0.466676;0.00214532;74.8864;84.5812;unknown;unknown;;12487
28.3752;0.000117818;0.0271518;0.000149445;0.00020705;0.683185;0.00350591;66.0697;69.2239;unknown;unknown;;12493
28.3752;0.000117818;0.0271518;0.000149445;0.00020705;0.683185;0.00350591;66.0697;69.2239;unknown;unknown;;12519
18.8027;0.000166121;0.0558941;0.000117834;0.000522677;1.0427;0.00523309;58.5252;51.7283;unknown;unknown;;12534
18.8027;0.000166121;0.0558941;0.000117834;0.000522677;1.0427;0.00523309;58.5252;51.7283;unknown;unknown;;12587
23.8294;0.000166026;0.0787734;8.19948e-05;0.000741989;1.48392;0.00541404;57.6988;53.0888;unknown;unknown;;12607
23.8294;0.000166026;0.0787734;8.19948e-05;0.000741989;1.48392;0.00541404;57.6988;53.0888;unknown;unknown;;12628
5.47221;0.000360095;0.186857;0.000140538;0.00201801;1.89189;0.0127507;42.853;31.4245;unknown;unknown;;12648
5.47221;0.000360095;0.186857;0.000140538;0.00201801;1.89189;0.0127507;42.853;31.4245;unknown;unknown;;12687
4.27455;0.000408246;0.1665;0.000194714;0.00183707;1.86204;0.013856;40.401;25.4773;unknown;unknown;;12687
4.27455;0.000408246;0.1665;0.000194714;0.00183707;1.86204;0.013856;40.401;25.4773;unknown;unknown;;12720
4.64389;0.000361274;0.125334;0.000221732;0.00127559;1.45342;0.0119405;42.492;18.9147;unknown;unknown;;12727
4.64389;0.000361274;0.125334;0.000221732;0.00127559;1.45342;0.0119405;42.492;18.9147;unknown;unknown;;12752
1.26888;0.000554774;0.135101;0.000653205;0.00101233;0.956012;0.0181184;34.3597;8.8251;unknown;unknown;;12767
1.26888;0.000554774;0.135101;0.000653205;0.00101233;0.956012;0.0181184;34.3597;8.8251;unknown;unknown;;12819
0.466669;0.000720245;0.105945;0.00220968;0.000495102;0.533347;0.02223;29.3794;5.66015;unknown;unknown;;12839
0.466669;0.000720245;0.105945;0.00220968;0.000495102;0.533347;0.02223;29.3794;5.66015;unknown;unknown;;12887
0.348587;0.000793429;0.108986;0.00275715;0.000481094;0.491409;0.0241332;27.3302;4.67758;unknown;unknown;;12907
0.348587;0.000793429;0.108986;0.00275715;0.000481094;0.491409;0.0241332;27.3302;4.67758;unknown;unknown;;12927
0.13004;0.00109908;0.109377;0.00714375;0.00035;0.350424;0.0324;21.1204;2.57546;unknown;unknown;;12947
0.13004;0.00109908;0.109377;0.00714375;0.00035;0.350424;0.0324;21.1204;2.57546;unknown;unknown;;12987
0.073621;0.00132566;0.115835;0.0109592;0.000331533;0.298478;0.0392593;17.5491;1.75698;unknown;unknown;;13008
0.073621;0.00132566;0.115835;0.0109592;0.000331533;0.298478;0.0392593;17.5491;1.75698;unknown;unknown;;13027
0.0343929;0.00173638;0.14532;0.0151132;0.000417276;0.270988;0.0539685;12.7249;0.956508;unknown;unknown;;13047
0.0343929;0.00173638;0.14532;0.0151132;0.000417276;0.270988;0.0539685;12.7249;0.956508;unknown;unknown;;13087
0.0283477;0.00186152;0.148403;0.0179968;0.00042506;0.259156;0.0576794;11.3604;0.838007;unknown;unknown;;13107
0.0283477;0.00186152;0.148403;0.0179968;0.00042506;0.259156;0.0576794;11.3604;0.838007;unknown;unknown;;13127
0.0443545;0.00146142;0.12173;0.0124942;0.000390097;0.239231;0.0461271;15.8276;1.24849;unknown;unknown;;13147
0.0443545;0.00146142;0.12173;0.0124942;0.000390097;0.239231;0.0461271;15.8276;1.24849;unknown;unknown;;13187
0.106918;0.000977846;0.0854256;0.00742671;0.000295535;0.227363;0.0307481;22.8277;2.65707;unknown;unknown;;13207
0.106918;0.000977846;0.0854256;0.00742671;0.000295535;0.227363;0.0307481;22.8277;2.65707;unknown;unknown;;13227
0.178582;0.000767398;0.0692515;0.00528288;0.000255762;0.217647;0.0243946;27.1136;4.10936;unknown;unknown;;13248
0.178582;0.000767398;0.0692515;0.00528288;0.000255762;0.217647;0.0243946;27.1136;4.10936;unknown;unknown;;13268
0.417961;0.000533516;0.049396;0.00343654;0.000187446;0.213849;0.0165606;33.6455;8.25847;unknown;unknown;;13288
0.417961;0.000533516;0.049396;0.00343654;0.000187446;0.213849;0.0165606;33.6455;8.25847;unknown;unknown;;13320
0.453153;0.000505296;0.0488918;0.00287393;0.000199663;0.211171;0.016165;34.7483;8.69806;unknown;unknown;;13328
0.453153;0.000505296;0.0488918;0.00287393;0.000199663;0.211171;0.016165;34.7483;8.69806;unknown;unknown;;13387
0.975892;0.000364927;0.0368402;0.00188698;0.000159608;0.211582;0.0114775;40.6716;15.5356;unknown;unknown;;13407
0.975892;0.000364927;0.0368402;0.00188698;0.000159608;0.211582;0.0114775;40.6716;15.5356;unknown;unknown;;13427
2.90486;0.000229673;0.0234141;0.00116891;0.000102114;0.207427;0.00688667;48.8902;32.7864;unknown;unknown;;13447
2.90486;0.000229673;0.0234141;0.00116891;0.000102114;0.207427;0.00688667;48.8902;32.7864;unknown;unknown;;13487
6.41858;0.000163752;0.0171764;0.000784213;7.67243e-05;0.210116;0.00472313;54.0267;49.8206;unknown;unknown;;13507
6.41858;0.000163752;0.0171764;0.000784213;7.67243e-05;0.210116;0.00472313;54.0267;49.8206;unknown;unknown;;13527
20.3777;9.64442e-05;0.0105175;0.000436278;4.79571e-05;0.216586;0.00259222;63.6228;75.4014;unknown;unknown;;13547
20.3777;9.64442e-05;0.0105175;0.000436278;4.79571e-05;0.216586;0.00259222;63.6228;75.4014;unknown;unknown;;13587
45.1958;6.06016e-05;0.006893;0.000255611;3.21011e-05;0.225895;0.00153136;72.0171;89.2232;unknown;unknown;;13607
45.1958;6.06016e-05;0.006893;0.000255611;3.21011e-05;0.225895;0.00153136;72.0171;89.2232;unknown;unknown;;13628
56.7559;5.02596e-05;0.00576195;0.000208248;2.69274e-05;0.227056;0.00124124;74.9127;92.5205;unknown;unknown;;13647
56.7559;5.02596e-05;0.00576195;0.000208248;2.69274e-05;0.227056;0.00124124;74.9127;92.5205;unknown;unknown;;13688
74.7384;3.63397e-05;0.00417363;0.000150573;1.94482e-05;0.227559;0.000854257;81.6704;96.1703;unknown;unknown;;13708
74.7384;3.63397e-05;0.00417363;0.000150573;1.94482e-05;0.227559;0.000854257;81.6704;96.1703;unknown;unknown;;13754
77.6553;3.50105e-05;0.00410574;0.000134755;1.96732e-05;0.238797;0.000805898;83.0309;96.5578;unknown;unknown;;13774
77.6553;3.50105e-05;0.00410574;0.000134755;1.96732e-05;0.238797;0.000805898;83.0309;96.5578;unknown;unknown;;13795
73.5144;3.78535e-05;0.00422527;0.000157134;1.95479e-05;0.224951;0.000884209;81.5552;95.9923;unknown;unknown;;13815
73.5144;3.78535e-05;0.00422527;0.000157134;1.95479e-05;0.224951;0.000884209;81.5552;95.9923;unknown;unknown;;13854
56.334;5.08724e-05;0.00527815;0.000233987;2.3347e-05;0.207317;0.00123902;75.4076;92.8223;unknown;unknown;;13855
56.334;5.08724e-05;0.00527815;0.000233987;2.3347e-05;0.207317;0.00123902;75.4076;92.8223;unknown;unknown;;13887
34.8339;7.35602e-05;0.0074003;0.000338678;3.26446e-05;0.204639;0.00186775;68.8701;85.8125;unknown;unknown;;13895
34.8339;7.35602e-05;0.0074003;0.000338678;3.26446e-05;0.204639;0.00186775;68.8701;85.8125;unknown;unknown;;13919
23.8829;9.16579e-05;0.00920603;0.000418348;4.09034e-05;0.205789;0.00238037;64.7993;79.1066;unknown;unknown;;13935
23.8829;9.16579e-05;0.00920603;0.000418348;4.09034e-05;0.205789;0.00238037;64.7993;79.1066;unknown;unknown;;13986
38.4142;6.87641e-05;0.00715959;0.000310239;3.20701e-05;0.210455;0.00176319;70.2033;87.1794;unknown;unknown;;14006
38.4142;6.87641e-05;0.00715959;0.000310239;3.20701e-05;0.210455;0.00176319;70.2033;87.1794;unknown;unknown;;14055
47.2098;5.8937e-05;0.00640318;0.000260455;2.91908e-05;0.217248;0.00151663;72.3803;90.1215;unknown;unknown;;14075
47.2098;5.8937e-05;0.00640318;0.000260455;2.91908e-05;0.217248;0.00151663;72.3803;90.1215;unknown;unknown;;14095
48.0542;5.8543e-05;0.0066446;0.000244363;3.12097e-05;0.228371;0.00152324;72.0921;90.1037;unknown;unknown;;14115
48.0542;5.8543e-05;0.0066446;0.000244363;3.12097e-05;0.228371;0.00152324;72.0921;90.1037;unknown;unknown;;14155
36.2514;7.16336e-05;0.0083112;0.000289557;3.98564e-05;0.234976;0.00193876;67.7359;85.3922;unknown;unknown;;14156
36.2514;7.16336e-05;0.0083112;0.000289557;3.98564e-05;0.234976;0.00193876;67.7359;85.3922;unknown;unknown;;14187
22.3331;9.42414e-05;0.0108432;0.000385872;5.20356e-05;0.23343;0.00265682;62.4226;76.3976;unknown;unknown;;14196
22.3331;9.42414e-05;0.0108432;0.000385872;5.20356e-05;0.23343;0.00265682;62.4226;76.3976;unknown;unknown;;14254
11.6462;0.000127479;0.0142764;0.000553986;6.72614e-05;0.225423;0.00370604;56.81;62.6363;unknown;unknown;;14275
11.6462;0.000127479;0.0142764;0.000553986;6.72614e-05;0.225423;0.00370604;56.81;62.6363;unknown;unknown;;14295
5.07394;0.000181881;0.01979;0.000835097;9.16268e-05;0.218242;0.00552072;50.3883;43.7839;unknown;unknown;;14315
5.07394;0.000181881;0.01979;0.000835097;9.16268e-05;0.218242;0.00552072;50.3883;43.7839;unknown;unknown;;14354
5.68356;0.000176174;0.0198639;0.000761386;9.42728e-05;0.23014;0.00527904;50.8625;45.5745;unknown;unknown;;14355
5.68356;0.000176174;0.0198639;0.000761386;9.42728e-05;0.23014;0.00527904;50.8625;45.5745;unknown;unknown;;14387
8.06767;0.00015487;0.0184628;0.000612115;9.07466e-05;0.249307;0.00451708;52.95;52.5619;unknown;unknown;;14395
8.06767;0.00015487;0.0184628;0.000612115;9.07466e-05;0.249307;0.00451708;52.95;52.5619;unknown;unknown;;14419
16.3268;0.000119286;0.0166273;0.000359403;9.17228e-05;0.30893;0.00336542;57.5096;66.0644;unknown;unknown;;14434
16.3268;0.000119286;0.0166273;0.000359403;9.17228e-05;0.30893;0.00336542;57.5096;66.0644;unknown;unknown;;14486
14.6257;0.000138698;0.0245992;0.000269401;0.0001659;0.432011;0.00402063;55.2205;58.4399;unknown;unknown;;14506
14.6257;0.000138698;0.0245992;0.000269401;0.0001659;0.432011;0.00402063;55.2205;58.4399;unknown;unknown;;14554
16.9452;0.000140557;0.0310938;0.000182257;0.000252822;0.580681;0.00413295;55.1564;57.5347;unknown;unknown;;14574
16.9452;0.000140557;0.0310938;0.000182257;0.000252822;0.580681;0.00413295;55.1564;57.5347;unknown;unknown;;14595
13.686;0.000168613;0.0456351;0.000150459;0.000442469;0.76457;0.00516081;52.1866;47.6798;35-44;male;;14615
13.686;0.000168613;0.0456351;0.000150459;0.000442469;0.76457;0.00516081;52.1866;47.6798;35-44;male;;14654
19.3876;0.000148557;0.0451877;0.000108528;0.00047967;0.892498;0.00445575;54.7181;54.3148;35-44;male;;14655
19.3876;0.000148557;0.0451877;0.000108528;0.00047967;0.892498;0.00445575;54.7181;54.3148;35-44;male;;14686
29.2835;0.00013111;0.0514267;6.11205e-05;0.000669198;1.25264;0.00387997;57.2032;60.6226;35-44;male;;14694
29.2835;0.00013111;0.0514267;6.11205e-05;0.000669198;1.25264;0.00387997;57.2032;60.6226;35-44;male;;14754
33.9461;0.000128982;0.0604337;4.33824e-05;0.000912894;1.59195;0.00381638;57.607;61.4261;35-44;male;;14774
33.9461;0.000128982;0.0604337;4.33824e-05;0.000912894;1.59195;0.00381638;57.607;61.4261;35-44;male;;14794
30.6543;0.000142892;0.0744825;3.91477e-05;0.00124161;1.83327;0.00435583;55.9218;55.9844;35-44;male;;14814
30.6543;0.000142892;0.0744825;3.91477e-05;0.00124161;1.83327;0.00435583;55.9218;55.9844;35-44;male;;14854
32.3693;0.000142015;0.0796056;3.39198e-05;0.00141493;2.01157;0.00437234;56.1816;56.1824;35-44;male;;14874
32.3693;0.000142015;0.0796056;3.39198e-05;0.00141493;2.01157;0.00437234;56.1816;56.1824;35-44;male;;14894
29.8338;0.0001486;0.0844187;3.5162e-05;0.00150215;2.02329;0.00471357;55.6525;53.5466;35-44;male;;14915
29.8338;0.0001486;0.0844187;3.5162e-05;0.00150215;2.02329;0.00471357;55.6525;53.5466;35-44;male;;14935
27.1675;0.000156921;0.0917313;3.71813e-05;0.00156563;1.99991;0.00514304;54.7053;50.8355;35-44;male;;14955
27.1675;0.000156921;0.0917313;3.71813e-05;0.00156563;1.99991;0.00514304;54.7053;50.8355;35-44;male;;14985
21.6899;0.000176108;0.113008;4.286e-05;0.00168617;1.93952;0.00613069;52.2144;44.8291;35-44;male;;14994
21.6899;0.000176108;0.113008;4.286e-05;0.00168617;1.93952;0.00613069;52.2144;44.8291;35-44;male;;15054
12.7841;0.00022897;0.657917;5.49202e-05;0.00217998;1.93242;0.0088874;37.0284;66.0767;35-44;male;;15074
12.7841;0.00022897;0.657917;5.49202e-05;0.00217998;1.93242;0.0088874;37.0284;66.0767;35-44;male;;15094
6.56876;0.000308397;0.581612;7.55801e-05;0.00282591;1.8827;0.012761;34.5436;57.7376;35-44;male;;15114
6.56876;0.000308397;0.581612;7.55801e-05;0.00282591;1.8827;0.012761;34.5436;57.7376;35-44;male;;15154
3.47035;0.000406227;0.513869;0.000101766;0.00358985;1.84375;0.0184708;32.1329;49.2518;35-44;male;;15174
3.47035;0.000406227;0.513869;0.000101766;0.00358985;1.84375;0.0184708;32.1329;49.2518;35-44;male;;15194
2.47201;0.000463513;0.404422;0.000122451;0.00391423;1.7812;0.0241393;32.872;41.1227;35-44;male;;15215
2.47201;0.000463513;0.404422;0.000122451;0.00391423;1.7812;0.0241393;32.872;41.1227;35-44;male;;15253
1.89173;0.000497606;0.240254;0.000162101;0.00330374;1.50522;0.0317669;35.4446;24.2464;35-44;male;;15254
1.89173;0.000497606;0.240254;0.000162101;0.00330374;1.50522;0.0317669;35.4446;24.2464;35-44;male;;15323
1.80046;0.000507887;0.21316;0.000167721;0.00330855;1.48855;0.0397692;36.4221;22.0584;35-44;male;;15343
1.80046;0.000507887;0.21316;0.000167721;0.00330855;1.48855;0.0397692;36.4221;22.0584;35-44;male;;15386
0.733297;0.000769067;0.420014;0.000209481;0.00607337;1.71179;0.0918579;28.316;32.4371;35-44;male;;15406
0.733297;0.000769067;0.420014;0.000209481;0.00607337;1.71179;0.0918579;28.316;32.4371;35-44;male;;15427
0.416504;0.000980988;0.605399;0.000245843;0.0085781;1.82661;0.199006;23.4479;38.3714;35-44;male;;15446
0.416504;0.000980988;0.605399;0.000245843;0.0085781;1.82661;0.199006;23.4479;38.3714;35-44;male;;15466
0.238113;0.00125176;0.734002;0.000286156;0.0121803;1.95443;0.369344;19.4563;41.9796;35-44;male;;15486
0.238113;0.00125176;0.734002;0.000286156;0.0121803;1.95443;0.369344;19.4563;41.9796;35-44;male;;15522
0.125848;0.00160982;1.10657;0.000384692;0.0151541;1.89589;0.737408;13.6362;43.1222;35-44;male;;15526
0.125848;0.00160982;1.10657;0.000384692;0.0151541;1.89589;0.737408;13.6362;43.1222;35-44;male;;15554
0.0846674;0.00187828;1.28589;0.000467243;0.0171477;1.84728;1.42508;10.7563;41.275;35-44;male;;15566
0.0846674;0.00187828;1.28589;0.000467243;0.0171477;1.84728;1.42508;10.7563;41.275;35-44;male;;15587
0.0797232;0.00191927;1.68609;0.000484587;0.017314;1.83006;1.97932;8.62416;45.092;35-44;male;;15606
0.0797232;0.00191927;1.68609;0.000484587;0.017314;1.83006;1.97932;8.62416;45.092;35-44;male;;15653
0.046756;0.00223588;0.956809;0.000753075;0.0153061;1.48713;2.94798;9.41069;22.9275;35-44;male;;15674
0.046756;0.00223588;0.956809;0.000753075;0.0153061;1.48713;2.94798;9.41069;22.9275;35-44;male;;17925
0.00813326;0.00302198;0.00621123;0.00122302;0.133892;0.449802;87.3511;-10.0884;35.4688;35-44;male;;17945
0.00813326;0.00302198;0.00621123;0.00122302;0.133892;0.449802;87.3511;-10.0884;35.4688;35-44;male;;17966
0.00888642;0.00339314;0.0426166;0.000656297;0.065719;1.24072;87.7426;-11.9977;12.1703;35-44;male;;17985
0.00888642;0.00339314;0.0426166;0.000656297;0.065719;1.24072;87.7426;-11.9977;12.1703;35-44;male;;18006
0.0158443;0.00245289;0.0230405;0.000191138;0.176592;2.576;91.659;-16.2912;40.8465;35-44;male;;18025
0.0158443;0.00245289;0.0230405;0.000191138;0.176592;2.576;91.659;-16.2912;40.8465;35-44;male;;18046
0.0285204;0.00136036;0.0206568;0.000131335;0.145013;3.5716;92.8391;-11.4181;47.2085;35-44;male;;18066
0.0285204;0.00136036;0.0206568;0.000131335;0.145013;3.5716;92.8391;-11.4181;47.2085;35-44;male;;18089
0.115268;0.000547798;0.0108593;6.94098e-05;0.0888957;4.51656;79.6512;-1.2788;49.0447;35-44;male;;18105
0.115268;0.000547798;0.0108593;6.94098e-05;0.0888957;4.51656;79.6512;-1.2788;49.0447;35-44;male;;18153
0.327859;0.000336297;0.00616049;4.28445e-05;0.0666449;4.76813;58.4926;0;49.5442;35-44;male;;18173
0.327859;0.000336297;0.00616049;4.28445e-05;0.0666449;4.76813;58.4926;0;49.5442;35-44;male;;18221
0.687239;0.000262425;0.00422405;3.10256e-05;0.0518368;4.63622;39.046;0;49.6512;35-44;male;;18241
0.687239;0.000262425;0.00422405;3.10256e-05;0.0518368;4.63622;39.046;0;49.6512;35-44;male;;18261
1.4395;0.00018696;0.00305511;2.26959e-05;0.0390611;4.75241;22.2697;0;49.7338;35-44;male;;18282
1.4395;0.00018696;0.00305511;2.26959e-05;0.0390611;4.75241;22.2697;0;49.7338;35-44;male;;18302
1.68442;0.000178281;0.00281135;2.11814e-05;0.0370596;4.72843;19.206;0;49.757;35-44;male;;18321
1.68442;0.000178281;0.00281135;2.11814e-05;0.0370596;4.72843;19.206;0;49.757;35-44;male;;18358
0.788996;0.000238117;0.00373183;2.88939e-05;0.0509311;4.78327;34.4558;0;49.8205;35-44;male;;18361
0.788996;0.000238117;0.00373183;2.88939e-05;0.0509311;4.78327;34.4558;0;49.8205;35-44;male;;18392
0.824799;0.000224294;0.0035824;2.82232e-05;0.0509932;4.89933;32.1763;0;49.9309;35-44;male;;18401
0.824799;0.000224294;0.0035824;2.82232e-05;0.0509932;4.89933;32.1763;0;49.9309;35-44;male;;18422
0.957341;0.000227283;0.00333747;2.65103e-05;0.0479456;4.70378;28.55;0;49.9015;35-44;male;;18441
0.957341;0.000227283;0.00333747;2.65103e-05;0.0479456;4.70378;28.55;0;49.9015;35-44;male;;18488
0.883789;0.000292725;0.00341802;2.68145e-05;0.0505938;4.28647;27.6986;0;49.8597;35-44;male;;18509
0.883789;0.000292725;0.00341802;2.68145e-05;0.0505938;4.28647;27.6986;0;49.8597;35-44;male;;18557
1.2007;0.000379733;0.00299654;2.15713e-05;0.0487318;4.13604;21.9208;0;49.8528;35-44;male;;18577
1.2007;0.000379733;0.00299654;2.15713e-05;0.0487318;4.13604;21.9208;0;49.8528;35-44;male;;18597
0;0;0;0;0;0;0;0;0;unknown;male;;18617
0;0;0;0;0;0;0;0;0;unknown;male;;18656
0;0;0;0;0;0;0;0;0;unknown;male;;18657
0;0;0;0;0;0;0;0;0;unknown;male;;19288
0.102866;0.000966112;0.936806;0.000416709;0.0176217;3.10697;41.4303;10.9078;40.5734;35-44;male;;19309
0.102866;0.000966112;0.936806;0.000416709;0.0176217;3.10697;41.4303;10.9078;40.5734;35-44;male;;19329
0.0562924;0.00167417;1.30316;0.000475786;0.0263011;2.69216;10.4812;6.46298;46.1892;35-44;male;;19349
0.0562924;0.00167417;1.30316;0.000475786;0.0263011;2.69216;10.4812;6.46298;46.1892;35-44;male;;19369
0.0298781;0.00139803;0.900973;0.00121694;0.0120665;1.71064;1.28893;4.97818;12.7318;35-44;male;;19389
0.0298781;0.00139803;0.900973;0.00121694;0.0120665;1.71064;1.28893;4.97818;12.7318;35-44;male;;19409
0.0233753;0.0011037;0.507877;0.00296604;0.00426615;1.02151;0.200267;6.20244;2.18829;35-44;male;;19429
0.0233753;0.0011037;0.507877;0.00296604;0.00426615;1.02151;0.200267;6.20244;2.18829;35-44;male;;19449
0.0212895;0.000780796;0.374156;0.00477708;0.00241762;0.897218;0.106901;7.03621;0.845159;35-44;male;;19469
0.0212895;0.000780796;0.374156;0.00477708;0.00241762;0.897218;0.106901;7.03621;0.845159;35-44;male;;19489
0.0137;0.000971401;0.331273;0.00776665;0.00180151;0.623469;0.0995455;4.98873;0.370154;35-44;male;;19509
0.0137;0.000971401;0.331273;0.00776665;0.00180151;0.623469;0.0995455;4.98873;0.370154;35-44;male;;19555
0.00390713;0.000859024;0.482743;0.0182043;0.0024522;0.732497;0.159179;0;0.263211;35-44;male;;19576
0.00390713;0.000859024;0.482743;0.0182043;0.0024522;0.732497;0.159179;0;0.263211;35-44;male;;19826
0.00261419;0.000151454;0.503648;0.18924;0.0025267;0.813499;0.196059;-60.8061;39.9344;35-44;male;;19846
0.00261419;0.000151454;0.503648;0.18924;0.0025267;0.813499;0.196059;-60.8061;39.9344;35-44;male;;19866
0.00251144;0.000208517;0.494493;0.179637;0.002424;0.681593;0.193156;-57.5383;32.8995;35-44;male;;19886
0.00251144;0.000208517;0.494493;0.179637;0.002424;0.681593;0.193156;-57.5383;32.8995;35-44;male;;19906
0.00265605;0.000388993;0.539807;0.104709;0.00301626;0.567068;0.195135;-47.4984;17.1451;35-44;male;;19927
0.00265605;0.000388993;0.539807;0.104709;0.00301626;0.567068;0.195135;-47.4984;17.1451;35-44;male;;19946
0.00246558;0.000407209;0.521538;0.130876;0.00290254;0.474937;0.191974;-53.2664;25.7465;35-44;male;;19966
0.00246558;0.000407209;0.521538;0.130876;0.00290254;0.474937;0.191974;-53.2664;25.7465;35-44;male;;19986
0.00268603;0.000279622;0.560897;0.130183;0.00340788;0.618411;0.188144;-58.5814;35.8172;35-44;male;;20006
0.00268603;0.000279622;0.560897;0.130183;0.00340788;0.618411;0.188144;-58.5814;35.8172;35-44;male;;20027
0;0;0;0;0;0;0;0;0;unknown;male;;20046
0;0;0;0;0;0;0;0;0;unknown;male;;20066
0.00275861;0.000127829;0.490339;0.124181;0.00389957;1.03454;0.190341;-64.6829;44.9792;35-44;male;;20087
0.00275861;0.000127829;0.490339;0.124181;0.00389957;1.03454;0.190341;-64.6829;44.9792;35-44;male;;20106
0.00237844;8.86564e-05;0.302013;0.145621;0.00357976;1.06173;0.191161;-68.1433;46.7745;35-44;male;;20126
0.00237844;8.86564e-05;0.302013;0.145621;0.00357976;1.06173;0.191161;-68.1433;46.7745;35-44;male;;20155
0.00220845;7.77509e-05;0.414156;0.189391;0.00270567;1.04386;0.191639;-65.7202;47.2262;35-44;male;;20166
0.00220845;7.77509e-05;0.414156;0.189391;0.00270567;1.04386;0.191639;-65.7202;47.2262;35-44;male;;27414
0.172847;0.000717299;0.0703201;0.00366426;0.000321692;0.197519;0.0256053;33.7242;3.97332;unknown;unknown;;27436
0.172847;0.000717299;0.0703201;0.00366426;0.000321692;0.197519;0.0256053;33.7242;3.97332;unknown;unknown;;27585
0.0107301;0.00225964;0.258549;0.00974234;0.00135112;0.239689;0.097169;4.419;0.323142;unknown;unknown;;27607
0.0107301;0.00225964;0.258549;0.00974234;0.00135112;0.239689;0.097169;4.419;0.323142;unknown;unknown;;27752
0.468481;0.00050215;0.0489481;0.00187446;0.000298833;0.242634;0.0190776;30.1113;7.99534;unknown;unknown;;27773
0.468481;0.00050215;0.0489481;0.00187446;0.000298833;0.242634;0.0190776;30.1113;7.99534;unknown;unknown;;27925
0.251713;0.000625017;0.0423722;0.00255747;0.000420786;0.210115;0.0240169;25.4705;5.23467;unknown;unknown;;27945
0.251713;0.000625017;0.0423722;0.00255747;0.000420786;0.210115;0.0240169;25.4705;5.23467;unknown;unknown;;28099
0.685527;0.000417333;0.015365;0.00133448;0.000538602;0.215463;0.0153395;28.0749;11.5723;unknown;unknown;;28120
0.685527;0.000417333;0.015365;0.00133448;0.000538602;0.215463;0.0153395;28.0749;11.5723;unknown;unknown;;28252
1.23719;0.000322487;0.0228079;0.00139676;0.000207133;0.205145;0.0106633;36.3888;18.5173;unknown;unknown;;28273
1.23719;0.000322487;0.0228079;0.00139676;0.000207133;0.205145;0.0106633;36.3888;18.5173;unknown;unknown;;28399
0.0653806;0.0010719;0.101905;0.00546779;0.000481878;0.202248;0.0383378;18.5585;1.72055;unknown;unknown;;28419
0.0653806;0.0010719;0.101905;0.00546779;0.000481878;0.202248;0.0383378;18.5585;1.72055;unknown;unknown;;28562
0.0151898;0.0019557;0.188532;0.0105579;0.000844539;0.20384;0.074205;8.23347;0.48846;unknown;unknown;;28582
0.0151898;0.0019557;0.188532;0.0105579;0.000844539;0.20384;0.074205;8.23347;0.48846;unknown;unknown;;28734
0;0;0;0;0;0;0;0;0;unknown;unknown;;28754
0;0;0;0;0;0;0;0;0;unknown;unknown;;28823
0;0;0;0;0;0;0;0;0;unknown;unknown;;28843
0;0;0;0;0;0;0;0;0;unknown;unknown;;28863
0;0;0;0;0;0;0;0;0;unknown;unknown;;28883
0;0;0;0;0;0;0;0;0;unknown;unknown;;28904
0;0;0;0;0;0;0;0;0;unknown;unknown;;28924
0;0;0;0;0;0;0;0;0;unknown;unknown;;28943
0.00265823;0.00456356;1.25488;0.0414418;0.00119712;0.243663;0.163428;0;0.171657;unknown;unknown;;28963
0.00265823;0.00456356;1.25488;0.0414418;0.00119712;0.243663;0.163428;0;0.171657;unknown;unknown;;28983
0.0025693;0.00593547;0.829902;0.113195;0.000736514;0.327671;0.165864;0;0.134931;unknown;unknown;;29004
0.0025693;0.00593547;0.829902;0.113195;0.000736514;0.327671;0.165864;0;0.134931;unknown;unknown;;29023
0;0;0;0;0;0;0;0;0;unknown;unknown;;29043
0;0;0;0;0;0;0;0;0;unknown;unknown;;29063
0.00235272;0.00745366;8.42058;0.268558;0.000507977;0.415217;0.172382;-25.7132;0.540231;unknown;unknown;;29084
0.00235272;0.00745366;8.42058;0.268558;0.000507977;0.415217;0.172382;-25.7132;0.540231;unknown;unknown;;29103
0.00232601;0.00497542;25.9446;0.0507571;0.00117764;0.251566;0.173279;-28.1984;1.09792;unknown;unknown;;29123
0.00232601;0.00497542;25.9446;0.0507571;0.00117764;0.251566;0.173279;-28.1984;1.09792;unknown;unknown;;29143
0.00225783;0.00447024;68.0796;0.0317096;0.00153049;0.218053;0.17562;-41.6201;3.23222;unknown;unknown;;29164
0.00225783;0.00447024;68.0796;0.0317096;0.00153049;0.218053;0.17562;-41.6201;3.23222;unknown;unknown;;29184
0.00219632;0.00427134;95.2968;0.0259671;0.00179134;0.203699;0.177709;-59.456;11.35;unknown;unknown;;29206
0.00219632;0.00427134;95.2968;0.0259671;0.00179134;0.203699;0.177709;-59.456;11.35;unknown;unknown;;29224
0.00205809;0.00415178;31.3888;0.0255558;0.0019464;0.198147;0.182923;-28.5045;1.59857;unknown;unknown;;29243
0.00205809;0.00415178;31.3888;0.0255558;0.0019464;0.198147;0.182923;-28.5045;1.59857;unknown;unknown;;29263
0.00203053;0.00420779;2.3389;0.0242115;0.00201044;0.193049;0.183678;-2.28185;0.292046;unknown;unknown;;29283
0.00203053;0.00420779;2.3389;0.0242115;0.00201044;0.193049;0.183678;-2.28185;0.292046;unknown;unknown;;29304
0.00207133;0.00417999;0.530933;0.0239128;0.00197284;0.192693;0.182025;0;0.140538;unknown;unknown;;29323
0.00207133;0.00417999;0.530933;0.0239128;0.00197284;0.192693;0.182025;0;0.140538;unknown;unknown;;29343
0.00199332;0.00417136;0.439896;0.0254317;0.0019877;0.190283;0.184822;0;0.220641;unknown;unknown;;29363
0.00199332;0.00417136;0.439896;0.0254317;0.0019877;0.190283;0.184822;0;0.220641;unknown;unknown;;29384
0.0017355;0.00440773;0.424019;0.0291483;0.00219817;0.178318;0.194242;0;32.6888;unknown;unknown;;29404
0.0017355;0.00440773;0.424019;0.0291483;0.00219817;0.178318;0.194242;0;32.6888;unknown;unknown;;29423
0.00176384;0.00444724;0.420883;0.0289715;0.00212785;0.181269;0.193223;0;28.3508;unknown;unknown;;29443
0.00176384;0.00444724;0.420883;0.0289715;0.00212785;0.181269;0.193223;0;28.3508;unknown;unknown;;29463
0.00168738;0.00489125;0.422799;0.0364747;0.00201427;0.186198;0.19608;0;34.884;unknown;unknown;;29484
0.00168738;0.00489125;0.422799;0.0364747;0.00201427;0.186198;0.19608;0;34.884;unknown;unknown;;29503
0.0017482;0.00629333;0.421792;0.0840812;0.00126652;0.247416;0.193733;0;44.7577;unknown;unknown;;29523
0.0017482;0.00629333;0.421792;0.0840812;0.00126652;0.247416;0.193733;0;44.7577;unknown;unknown;;29543
0.00193135;0.00838439;0.414737;0.297686;0.000591905;0.384174;0.18634;0;47.8937;unknown;unknown;;29563
0.00193135;0.00838439;0.414737;0.297686;0.000591905;0.384174;0.18634;0;47.8937;unknown;unknown;;29584
0.00188143;0.0122;0.412991;1.30402;0.00028676;0.592238;0.188234;-5.66199;48.7005;unknown;unknown;;29603
0.00188143;0.0122;0.412991;1.30402;0.00028676;0.592238;0.188234;-5.66199;48.7005;unknown;unknown;;29623
0.00199624;0.0140874;0.403507;2.43517;0.000198673;0.727785;0.183346;-8.44356;48.9464;unknown;unknown;;29643
0.00199624;0.0140874;0.403507;2.43517;0.000198673;0.727785;0.183346;-8.44356;48.9464;unknown;unknown;;29663
0.00200985;0.0112927;0.404905;1.03788;0.000297423;0.574602;0.183338;-4.00481;48.4755;unknown;unknown;;29684
0.00200985;0.0112927;0.404905;1.03788;0.000297423;0.574602;0.183338;-4.00481;48.4755;unknown;unknown;;29704
0.00191474;0.00921495;0.412078;0.436708;0.000475511;0.438693;0.187311;0;48.1596;unknown;unknown;;29723
0.00191474;0.00921495;0.412078;0.436708;0.000475511;0.438693;0.187311;0;48.1596;unknown;unknown;;29743
0.00186741;0.00818319;0.414607;0.265144;0.00063105;0.370665;0.188995;0;47.4774;unknown;unknown;;29763
0.00186741;0.00818319;0.414607;0.265144;0.00063105;0.370665;0.188995;0;47.4774;unknown;unknown;;29784
0.00189567;0.0069499;0.41247;0.141166;0.000862786;0.305781;0.187555;0;39.7375;unknown;unknown;;29804
0.00189567;0.0069499;0.41247;0.141166;0.000862786;0.305781;0.187555;0;39.7375;unknown;unknown;;29823
0.00192402;0.00572076;0.40975;0.0663331;0.0012609;0.242025;0.186015;0;30.5799;unknown;unknown;;29843
0.00192402;0.00572076;0.40975;0.0663331;0.0012609;0.242025;0.186015;0;30.5799;unknown;unknown;;29863
0.00185848;0.00575717;0.415052;0.0658632;0.00134274;0.232462;0.188064;0;7.68562;unknown;unknown;;29884
0.00185848;0.00575717;0.415052;0.0658632;0.00134274;0.232462;0.188064;0;7.68562;unknown;unknown;;29904
0.00181715;0.0055057;0.415023;0.0540388;0.00158528;0.208677;0.188913;0;0.59005;unknown;unknown;;29923
0.00181715;0.0055057;0.415023;0.0540388;0.00158528;0.208677;0.188913;0;0.59005;unknown;unknown;;29943
0.00173754;0.0055431;0.430387;0.0523944;0.00175689;0.196655;0.191982;0;0.224417;unknown;unknown;;29964
0.00173754;0.0055431;0.430387;0.0523944;0.00175689;0.196655;0.191982;0;0.224417;unknown;unknown;;29983
0.00162959;0.00561745;0.482835;0.051493;0.00201439;0.180445;0.195879;0;0.147855;unknown;unknown;;30003
0.00162959;0.00561745;0.482835;0.051493;0.00201439;0.180445;0.195879;0;0.147855;unknown;unknown;;30023
0.0018477;0.00524163;0.438263;0.0434563;0.00179584;0.196486;0.188428;0;0.116522;unknown;unknown;;30043
0.0018477;0.00524163;0.438263;0.0434563;0.00179584;0.196486;0.188428;0;0.116522;unknown;unknown;;30064
0.00185809;0.00518511;0.4487;0.041081;0.00183155;0.197184;0.188975;0;0.103792;unknown;unknown;;30084
0.00185809;0.00518511;0.4487;0.041081;0.00183155;0.197184;0.188975;0;0.103792;unknown;unknown;;30103
0.00187199;0.00516441;0.425595;0.0408742;0.00180447;0.198007;0.188272;0;0.102421;unknown;unknown;;30123
0.00187199;0.00516441;0.425595;0.0408742;0.00180447;0.198007;0.188272;0;0.102421;unknown;unknown;;30143
0.00199317;0.0049876;0.437487;0.0334988;0.0019784;0.210078;0.187312;0;0.116222;unknown;unknown;;30163
0.00199317;0.0049876;0.437487;0.0334988;0.0019784;0.210078;0.187312;0;0.116222;unknown;unknown;;30183
0.00203966;0.00493855;0.433346;0.0333057;0.001904;0.212797;0.185404;0;0.11286;unknown;unknown;;30203
0.00203966;0.00493855;0.433346;0.0333057;0.001904;0.212797;0.185404;0;0.11286;unknown;unknown;;30224
0.00216644;0.00478636;0.43388;0.0300936;0.00197747;0.215479;0.181835;0;0.119949;unknown;unknown;;30244
0.00216644;0.00478636;0.43388;0.0300936;0.00197747;0.215479;0.181835;0;0.119949;unknown;unknown;;30263
0.00233002;0.00466582;0.450329;0.0260561;0.00211503;0.229449;0.179746;0;0.137542;unknown;unknown;;30283
0.00233002;0.00466582;0.450329;0.0260561;0.00211503;0.229449;0.179746;0;0.137542;unknown;unknown;;30303
0.00226317;0.00466046;0.450258;0.0255375;0.00217903;0.22382;0.181677;0;0.135314;unknown;unknown;;30324
0.00226317;0.00466046;0.450258;0.0255375;0.00217903;0.22382;0.181677;0;0.135314;unknown;unknown;;30344
0.00239195;0.00451855;0.428909;0.0257501;0.0019765;0.221097;0.175671;0;0.121493;unknown;unknown;;30363
0.00239195;0.00451855;0.428909;0.0257501;0.0019765;0.221097;0.175671;0;0.121493;unknown;unknown;;30383
0.00223995;0.00460299;0.42211;0.0277557;0.00199588;0.207221;0.178069;0;0.115278;unknown;unknown;;30403
0.00223995;0.00460299;0.42211;0.0277557;0.00199588;0.207221;0.178069;0;0.115278;unknown;unknown;;30423
0.00216893;0.00464311;0.424115;0.0278986;0.00213325;0.199481;0.179744;0;0.120535;unknown;unknown;;30443
0.00216893;0.00464311;0.424115;0.0278986;0.00213325;0.199481;0.179744;0;0.120535;unknown;unknown;;30464
0.00242859;0.00443095;0.42172;0.024418;0.0022115;0.206451;0.173115;0;0.133535;unknown;unknown;;30484
0.00242859;0.00443095;0.42172;0.024418;0.0022115;0.206451;0.173115;0;0.133535;unknown;unknown;;30503
0.00266273;0.00435707;0.444067;0.0211751;0.00253629;0.220598;0.170449;0;0.174886;unknown;unknown;;30523
0.00266273;0.00435707;0.444067;0.0211751;0.00253629;0.220598;0.170449;0;0.174886;unknown;unknown;;30543
0.00380502;0.00373223;0.429329;0.0174189;0.00221038;0.224406;0.145602;0;0.173675;unknown;unknown;;30564
0.00380502;0.00373223;0.429329;0.0174189;0.00221038;0.224406;0.145602;0;0.173675;unknown;unknown;;30584
0.0040427;0.00367695;0.450641;0.0161102;0.00236325;0.231251;0.143442;0;0.199528;unknown;male;;30603
0.0040427;0.00367695;0.450641;0.0161102;0.00236325;0.231251;0.143442;0;0.199528;unknown;male;;30623
0.00457311;0.00351;0.44302;0.0145734;0.00236623;0.238542;0.137022;0;0.214904;unknown;male;;30644
0.00457311;0.00351;0.44302;0.0145734;0.00236623;0.238542;0.137022;0;0.214904;unknown;male;;30664
0.00524333;0.00330018;0.413539;0.0139571;0.00222933;0.231389;0.127814;0;0.209608;unknown;male;;30683
0.00524333;0.00330018;0.413539;0.0139571;0.00222933;0.231389;0.127814;0;0.209608;unknown;male;;30703
0.0056573;0.00318043;0.535259;0.0133858;0.00213254;0.231117;0.123377;0;0.244365;unknown;male;;30723
0.0056573;0.00318043;0.535259;0.0133858;0.00213254;0.231117;0.123377;0;0.244365;unknown;male;;30743
0.00520062;0.00319532;0.45815;0.015162;0.00191213;0.211034;0.124392;0;0.196289;unknown;male;;30764
0.00520062;0.00319532;0.45815;0.015162;0.00191213;0.211034;0.124392;0;0.196289;unknown;male;;30783
0.00564358;0.00306319;0.372706;0.0144099;0.00180216;0.213477;0.119987;0.0112375;0.207714;unknown;male;;30804
0.00564358;0.00306319;0.372706;0.0144099;0.00180216;0.213477;0.119987;0.0112375;0.207714;unknown;male;;30824
0.00627867;0.0029301;0.324323;0.0139828;0.00173795;0.21133;0.114021;1.37895;0.230393;unknown;male;;30843
0.00627867;0.0029301;0.324323;0.0139828;0.00173795;0.21133;0.114021;1.37895;0.230393;unknown;male;;30863
0.00746087;0.00277931;0.318126;0.0122112;0.00174104;0.227833;0.107736;2.38751;0.254092;unknown;male;;30883
0.00746087;0.00277931;0.318126;0.0122112;0.00174104;0.227833;0.107736;2.38751;0.254092;unknown;male;;30903
0.00791533;0.00269776;0.287647;0.0127583;0.00157278;0.220728;0.103513;3.10941;0.274914;unknown;male;;30924
0.00791533;0.00269776;0.287647;0.0127583;0.00157278;0.220728;0.103513;3.10941;0.274914;unknown;male;;30943
0.00916976;0.00254228;0.260809;0.013134;0.00130872;0.221948;0.0959719;4.16695;0.313189;unknown;male;;30963
0.00916976;0.00254228;0.260809;0.013134;0.00130872;0.221948;0.0959719;4.16695;0.313189;unknown;male;;30983
0.0103768;0.00246893;0.243111;0.0143244;0.00110113;0.227648;0.0901952;4.68582;0.350596;unknown;male;;31004
0.0103768;0.00246893;0.243111;0.0143244;0.00110113;0.227648;0.0901952;4.68582;0.350596;unknown;male;;31023
0.01049;0.00259057;0.230719;0.0190029;0.000883605;0.232423;0.0883555;3.92585;0.366548;unknown;male;;31043
0.01049;0.00259057;0.230719;0.0190029;0.000883605;0.232423;0.0883555;3.92585;0.366548;unknown;male;;31063
0.0105902;0.00271979;0.227021;0.0240691;0.000751387;0.246189;0.0876891;2.96055;0.372348;unknown;male;;31083
0.0105902;0.00271979;0.227021;0.0240691;0.000751387;0.246189;0.0876891;2.96055;0.372348;unknown;male;;31104
0.0108558;0.00353026;0.224295;0.0692878;0.000432714;0.333272;0.0864665;0;0.38477;unknown;male;;31123
0.0108558;0.00353026;0.224295;0.0692878;0.000432714;0.333272;0.0864665;0;0.38477;unknown;male;;31143
0.0126936;0.00477723;0.213407;0.257274;0.000201371;0.509832;0.0805713;0;0.437659;unknown;male;;31163
0.0126936;0.00477723;0.213407;0.257274;0.000201371;0.509832;0.0805713;0;0.437659;unknown;male;;31184
0.00894058;0.00765952;0.277909;0.980296;0.000128271;0.69733;0.0931059;0;0.339133;unknown;male;;31204
0.00894058;0.00765952;0.277909;0.980296;0.000128271;0.69733;0.0931059;0;0.339133;unknown;male;;31223
0.0124113;0.00876138;0.242055;1.98483;6.10278e-05;1.00978;0.0807266;-7.21947;0.43221;unknown;male;;31243
0.0124113;0.00876138;0.242055;1.98483;6.10278e-05;1.00978;0.0807266;-7.21947;0.43221;unknown;male;;31264
0.0106004;0.0110194;0.25689;3.96871;4.4828e-05;1.25038;0.086582;-14.7901;0.606572;unknown;male;;31284
0.0106004;0.0110194;0.25689;3.96871;4.4828e-05;1.25038;0.086582;-14.7901;0.606572;unknown;male;;31303
0.00804376;0.0125722;0.30199;6.35944;4.75646e-05;1.29078;0.0984967;-11.6625;0.29386;unknown;male;;31323
0.00804376;0.0125722;0.30199;6.35944;4.75646e-05;1.29078;0.0984967;-11.6625;0.29386;unknown;male;;31343
0.0071395;0.0135352;0.357926;7.74258;4.99429e-05;1.34255;0.104216;-13.7418;0.262613;unknown;male;;31364
0.0071395;0.0135352;0.357926;7.74258;4.99429e-05;1.34255;0.104216;-13.7418;0.262613;unknown;male;;31384
0.00372113;0.0179142;0.271772;10.418;7.90662e-05;1.38047;0.140848;-17.3942;0.148288;unknown;male;;31403
0.00372113;0.0179142;0.271772;10.418;7.90662e-05;1.38047;0.140848;-17.3942;0.148288;unknown;male;;31423
0.00265617;0.0207349;0.322431;12.611;7.91417e-05;1.38271;0.16482;-18.4763;0.111065;unknown;male;;31443
0.00265617;0.0207349;0.322431;12.611;7.91417e-05;1.38271;0.16482;-18.4763;0.111065;unknown;male;;31464
0.00237879;0.0216842;0.328052;13.2512;8.13133e-05;1.39838;0.174046;-19.2814;0.109478;unknown;male;;31484
0.00237879;0.0216842;0.328052;13.2512;8.13133e-05;1.39838;0.174046;-19.2814;0.109478;unknown;male;;31503
0.00211755;0.02261;0.358368;14.1821;7.88709e-05;1.39;0.184338;-19.4794;0.0983982;unknown;male;;31523
0.00211755;0.02261;0.358368;14.1821;7.88709e-05;1.39;0.184338;-19.4794;0.0983982;unknown;male;;31544
0.00195951;0.0233213;0.359435;14.6277;8.31458e-05;1.37685;0.191704;-20.1474;0.101408;unknown;male;;31564
0.00195951;0.0233213;0.359435;14.6277;8.31458e-05;1.37685;0.191704;-20.1474;0.101408;unknown;male;;31583
0.00191243;0.0235834;0.394281;15.1998;7.74819e-05;1.37573;0.195008;-19.86;0.0904823;unknown;male;;31603
0.00191243;0.0235834;0.394281;15.1998;7.74819e-05;1.37573;0.195008;-19.86;0.0904823;unknown;male;;31623
0.00182962;0.0236451;0.416266;15.8345;7.61341e-05;1.36855;0.201828;-20.4794;0.0885749;unknown;male;;31643
0.00182962;0.0236451;0.416266;15.8345;7.61341e-05;1.36855;0.201828;-20.4794;0.0885749;unknown;male;;31663
0.00178672;0.0232226;0.423786;16.3799;7.64272e-05;1.35088;0.2043;-21.4965;0.0980183;unknown;male;;31684
0.00178672;0.0232226;0.423786;16.3799;7.64272e-05;1.35088;0.2043;-21.4965;0.0980183;unknown;male;;31703
0.00172991;0.0226298;0.424758;17.4046;7.96432e-05;1.31054;0.210896;-23.3799;0.118082;unknown;male;;31723
0.00172991;0.0226298;0.424758;17.4046;7.96432e-05;1.31054;0.210896;-23.3799;0.118082;unknown;male;;31743
0.00171453;0.0210929;0.425219;17.8748;8.27249e-05;1.27557;0.215237;-25.8634;0.15214;unknown;male;;31764
0.00171453;0.0210929;0.425219;17.8748;8.27249e-05;1.27557;0.215237;-25.8634;0.15214;unknown;male;;31783
0.00172969;0.0187195;0.425848;16.5213;8.95284e-05;1.21777;0.209973;-28.1018;0.200699;unknown;male;;31803
0.00172969;0.0187195;0.425848;16.5213;8.95284e-05;1.21777;0.209973;-28.1018;0.200699;unknown;male;;31823
0.0017312;0.0167043;0.426185;12.5623;0.000106544;1.09746;0.204761;-27.424;0.221818;unknown;male;;31843
0.0017312;0.0167043;0.426185;12.5623;0.000106544;1.09746;0.204761;-27.424;0.221818;unknown;male;;31864
0.00172836;0.0122727;0.426115;4.56398;0.000188516;0.781014;0.202091;-22.7258;0.24607;unknown;male;;31884
0.00172836;0.0122727;0.426115;4.56398;0.000188516;0.781014;0.202091;-22.7258;0.24607;unknown;male;;31903
0.0017273;0.0110514;0.42595;2.93094;0.000236541;0.682638;0.199309;-20.0867;0.238971;unknown;male;;31923
0.0017273;0.0110514;0.42595;2.93094;0.000236541;0.682638;0.199309;-20.0867;0.238971;unknown;male;;31944
0.00171387;0.0101721;0.426337;1.34432;0.000335664;0.553298;0.198146;-12.6176;0.168904;unknown;male;;31964
0.00171387;0.0101721;0.426337;1.34432;0.000335664;0.553298;0.198146;-12.6176;0.168904;unknown;male;;31983
0.00170731;0.00675083;0.428254;0.211369;0.000833021;0.321442;0.197611;-1.44498;0.143446;unknown;male;;32003
0.00170731;0.00675083;0.428254;0.211369;0.000833021;0.321442;0.197611;-1.44498;0.143446;unknown;male;;32023
0.00166458;0.00730962;0.427957;0.229603;0.000814904;0.325024;0.19858;-0.331131;0.125168;unknown;male;;32043
0.00166458;0.00730962;0.427957;0.229603;0.000814904;0.325024;0.19858;-0.331131;0.125168;unknown;male;;32064
0.00162714;0.00469665;0.445584;0.0389291;0.00207497;0.185616;0.199726;0;0.129972;unknown;male;;32083
0.00162714;0.00469665;0.445584;0.0389291;0.00207497;0.185616;0.199726;0;0.129972;unknown;male;;37230
0.00039716;0.00438449;93.958;0.339477;0.0982632;0.0521107;0.529048;-99.4017;57.7555;unknown;male;;37251
0.00039716;0.00438449;93.958;0.339477;0.0982632;0.0521107;0.529048;-99.4017;57.7555;unknown;male;;37271
0;0;0;0;0;0;0;0;0;unknown;male;;37291
0;0;0;0;0;0;0;0;0;unknown;male;;37311
0;0;0;0;0;0;0;0;0;unknown;male;;37330
0;0;0;0;0;0;0;0;0;unknown;male;;37373
0;0;0;0;0;0;0;0;0;unknown;male;;37394
0;0;0;0;0;0;0;0;0;unknown;male;;59209
99.1229;9.25177e-06;0.00143537;2.56901e-05;7.75793e-06;0.344884;0.000184578;99.536;99.7894;unknown;unknown;;59229
99.1229;9.25177e-06;0.00143537;2.56901e-05;7.75793e-06;0.344884;0.000184578;99.536;99.7894;unknown;unknown;;59249
99.033;1.00772e-05;0.00172615;2.26404e-05;1.03067e-05;0.393262;0.000273918;99.6156;99.7489;unknown;unknown;;59269
99.033;1.00772e-05;0.00172615;2.26404e-05;1.03067e-05;0.393262;0.000273918;99.6156;99.7489;unknown;unknown;;59289
98.5444;1.12278e-05;0.00167309;3.1962e-05;9.03639e-06;0.322032;0.000382772;99.7046;99.6813;unknown;unknown;;59311
98.5444;1.12278e-05;0.00167309;3.1962e-05;9.03639e-06;0.322032;0.000382772;99.7046;99.6813;unknown;unknown;;59329
97.9262;1.28315e-05;0.00181205;4.03167e-05;9.32144e-06;0.304425;0.000572929;99.5794;99.581;unknown;unknown;;59349
97.9262;1.28315e-05;0.00181205;4.03167e-05;9.32144e-06;0.304425;0.000572929;99.5794;99.581;unknown;unknown;;59370
98.7353;1.0893e-05;0.00158158;3.36474e-05;7.94974e-06;0.333716;0.000395346;99.0769;99.7183;unknown;unknown;;59390
98.7353;1.0893e-05;0.00158158;3.36474e-05;7.94974e-06;0.333716;0.000395346;99.0769;99.7183;unknown;unknown;;59409
98.7936;1.06697e-05;0.00144853;3.83883e-05;6.63925e-06;0.319382;0.000327855;98.722;99.7413;unknown;unknown;;59429
98.7936;1.06697e-05;0.00144853;3.83883e-05;6.63925e-06;0.319382;0.000327855;98.722;99.7413;unknown;unknown;;59450
99.0388;9.85039e-06;0.00132439;3.6965e-05;5.85145e-06;0.325047;0.000247963;98.486;99.7881;unknown;unknown;;59469
99.0388;9.85039e-06;0.00132439;3.6965e-05;5.85145e-06;0.325047;0.000247963;98.486;99.7881;unknown;unknown;;59489
99.0574;9.97143e-06;0.00137471;3.59749e-05;6.13954e-06;0.342587;0.000243893;98.3643;99.7857;unknown;unknown;;59509
99.0574;9.97143e-06;0.00137471;3.59749e-05;6.13954e-06;0.342587;0.000243893;98.3643;99.7857;unknown;unknown;;59545
99.3636;8.92941e-06;0.0013252;2.94292e-05;6.01818e-06;0.395765;0.000191779;97.9908;99.8365;unknown;unknown;;59551
99.3636;8.92941e-06;0.0013252;2.94292e-05;6.01818e-06;0.395765;0.000191779;97.9908;99.8365;unknown;unknown;;59576
99.452;8.54471e-06;0.0013045;2.73747e-05;5.95054e-06;0.418708;0.00017825;97.8151;99.8526;unknown;unknown;;59590
99.452;8.54471e-06;0.0013045;2.73747e-05;5.95054e-06;0.418708;0.00017825;97.8151;99.8526;unknown;unknown;;59615
99.4716;8.40031e-06;0.00136232;2.43055e-05;6.62017e-06;0.439634;0.000176706;98.0332;99.8519;unknown;unknown;;59629
99.4716;8.40031e-06;0.00136232;2.43055e-05;6.62017e-06;0.439634;0.000176706;98.0332;99.8519;unknown;unknown;;59650
99.5394;8.06706e-06;0.00143415;1.92779e-05;7.75691e-06;0.479566;0.000171608;98.326;99.8596;unknown;unknown;;59669
99.5394;8.06706e-06;0.00143415;1.92779e-05;7.75691e-06;0.479566;0.000171608;98.326;99.8596;unknown;unknown;;59715
99.5986;7.69239e-06;0.00143158;1.66535e-05;8.17036e-06;0.501425;0.000158193;98.4754;99.8712;unknown;unknown;;59735
99.5986;7.69239e-06;0.00143158;1.66535e-05;8.17036e-06;0.501425;0.000158193;98.4754;99.8712;unknown;unknown;;59755
99.7044;7.29378e-06;0.00160989;1.15015e-05;1.06171e-05;0.63531;0.000142785;98.4794;99.8856;unknown;unknown;;59775
99.7044;7.29378e-06;0.00160989;1.15015e-05;1.06171e-05;0.63531;0.000142785;98.4794;99.8856;unknown;unknown;;59795
99.791;7.05052e-06;0.00212391;6.07116e-06;1.87785e-05;0.931307;0.000136111;98.8442;99.8905;unknown;unknown;;59815
99.791;7.05052e-06;0.00212391;6.07116e-06;1.87785e-05;0.931307;0.000136111;98.8442;99.8905;unknown;unknown;;59845
99.8255;6.80239e-06;0.00247422;4.06865e-06;2.65467e-05;1.1248;0.000133392;99.3263;99.8925;unknown;unknown;;59855
99.8255;6.80239e-06;0.00247422;4.06865e-06;2.65467e-05;1.1248;0.000133392;99.3263;99.8925;unknown;unknown;;59913
99.8563;6.67576e-06;0.00295812;2.7181e-06;3.8449e-05;1.41753;0.000132374;99.6417;99.8935;unknown;unknown;;59934
99.8563;6.67576e-06;0.00295812;2.7181e-06;3.8449e-05;1.41753;0.000132374;99.6417;99.8935;unknown;unknown;;59954
99.8723;6.5653e-06;0.00325354;2.1717e-06;4.67679e-05;1.62264;0.000130771;99.799;99.8951;unknown;unknown;;59974
99.8723;6.5653e-06;0.00325354;2.1717e-06;4.67679e-05;1.62264;0.000130771;99.799;99.8951;unknown;unknown;;59994
99.8664;6.65359e-06;0.00324081;2.22383e-06;4.63878e-05;1.58111;0.000132445;99.8708;99.8923;unknown;unknown;;60014
99.8664;6.65359e-06;0.00324081;2.22383e-06;4.63878e-05;1.58111;0.000132445;99.8708;99.8923;unknown;unknown;;60045
99.871;6.86134e-06;0.00369406;1.85206e-06;5.8257e-05;1.81059;0.000138063;99.9607;99.8856;unknown;unknown;;60053
99.871;6.86134e-06;0.00369406;1.85206e-06;5.8257e-05;1.81059;0.000138063;99.9607;99.8856;unknown;unknown;;60113
99.8651;7.11355e-06;0.00403941;1.74382e-06;6.66973e-05;1.94013;0.000146783;99.9878;99.8756;unknown;unknown;;60133
99.8651;7.11355e-06;0.00403941;1.74382e-06;6.66973e-05;1.94013;0.000146783;99.9878;99.8756;unknown;unknown;;60178
99.8644;6.90978e-06;0.00405748;1.74912e-06;6.70858e-05;1.96192;0.000149436;99.9854;99.8749;unknown;unknown;;60199
99.8644;6.90978e-06;0.00405748;1.74912e-06;6.70858e-05;1.96192;0.000149436;99.9854;99.8749;unknown;unknown;;60245
99.874;6.43431e-06;0.00413546;1.61943e-06;7.03423e-05;2.11496;0.000144102;99.9938;99.8791;unknown;unknown;;60266
99.874;6.43431e-06;0.00413546;1.61943e-06;7.03423e-05;2.11496;0.000144102;99.9938;99.8791;unknown;unknown;;60286
99.8724;5.88887e-06;0.0042348;1.59931e-06;7.28733e-05;2.27567;0.000145187;99.9934;99.8763;unknown;unknown;;60306
99.8724;5.88887e-06;0.0042348;1.59931e-06;7.28733e-05;2.27567;0.000145187;99.9934;99.8763;unknown;unknown;;60345
99.8664;5.9365e-06;0.00433381;1.62146e-06;7.48799e-05;2.29943;0.000148851;99.9949;99.8708;unknown;unknown;;60346
99.8664;5.9365e-06;0.00433381;1.62146e-06;7.48799e-05;2.29943;0.000148851;99.9949;99.8708;unknown;unknown;;60413
99.8683;5.84931e-06;0.0044411;1.56387e-06;7.81236e-05;2.39054;0.000151115;99.9937;99.87;unknown;unknown;;60433
99.8683;5.84931e-06;0.0044411;1.56387e-06;7.81236e-05;2.39054;0.000151115;99.9937;99.87;unknown;unknown;;60453
99.8639;6.08881e-06;0.00460724;1.54842e-06;8.22135e-05;2.41438;0.000158666;99.9912;99.8642;unknown;unknown;;60473
99.8639;6.08881e-06;0.00460724;1.54842e-06;8.22135e-05;2.41438;0.000158666;99.9912;99.8642;unknown;unknown;;60512
99.8681;5.34861e-06;0.00461376;1.50724e-06;8.30202e-05;2.62514;0.000155918;99.9906;99.8667;unknown;unknown;;60513
99.8681;5.34861e-06;0.00461376;1.50724e-06;8.30202e-05;2.62514;0.000155918;99.9906;99.8667;unknown;unknown;;60576
99.8575;5.59973e-06;0.00474013;1.56173e-06;8.52342e-05;2.59135;0.000162764;99.9935;99.8577;unknown;unknown;;60596
99.8575;5.59973e-06;0.00474013;1.56173e-06;8.52342e-05;2.59135;0.000162764;99.9935;99.8577;unknown;unknown;;60617
99.8464;5.39953e-06;0.00491203;1.60173e-06;8.86865e-05;2.71085;0.000169448;99.9943;99.8475;unknown;unknown;;60636
99.8464;5.39953e-06;0.00491203;1.60173e-06;8.86865e-05;2.71085;0.000169448;99.9943;99.8475;unknown;unknown;;60657
99.853;5.27222e-06;0.00491097;1.54546e-06;8.95839e-05;2.77286;0.000166831;99.9949;99.8517;unknown;unknown;;60677
99.853;5.27222e-06;0.00491097;1.54546e-06;8.95839e-05;2.77286;0.000166831;99.9949;99.8517;unknown;unknown;;60697
99.8504;4.87276e-06;0.0049677;1.55031e-06;9.0868e-05;2.93036;0.000168991;99.994;99.849;unknown;unknown;;60716
99.8504;4.87276e-06;0.0049677;1.55031e-06;9.0868e-05;2.93036;0.000168991;99.994;99.849;unknown;unknown;;60744
99.8331;5.26427e-06;0.00522424;1.61208e-06;9.59879e-05;2.89702;0.000179313;99.9891;99.8331;unknown;unknown;;60757
99.8331;5.26427e-06;0.00522424;1.61208e-06;9.59879e-05;2.89702;0.000179313;99.9891;99.8331;unknown;unknown;;60777
99.794;5.06728e-06;0.00569805;1.76139e-06;0.000104698;3.12918;0.000205479;99.9638;99.7992;unknown;unknown;;60796
99.794;5.06728e-06;0.00569805;1.76139e-06;0.000104698;3.12918;0.000205479;99.9638;99.7992;unknown;unknown;;60844
99.7542;4.39903e-06;0.00613927;1.90077e-06;0.000112705;3.56773;0.000225128;99.9259;99.7652;unknown;unknown;;60864
99.7542;4.39903e-06;0.00613927;1.90077e-06;0.000112705;3.56773;0.000225128;99.9259;99.7652;unknown;unknown;;60912
0;0;0;0;0;0;0;0;0;unknown;unknown;;60932
0;0;0;0;0;0;0;0;0;unknown;unknown;;60953
99.705;4.35078e-06;0.00647565;2.11405e-06;0.00011678;3.68253;0.000232328;99.869;99.7281;unknown;unknown;;60973
99.705;4.35078e-06;0.00647565;2.11405e-06;0.00011678;3.68253;0.000232328;99.869;99.7281;unknown;unknown;;61014
99.6864;3.75508e-06;0.00666939;2.1942e-06;0.000119348;4.11301;0.000230166;99.79;99.7124;unknown;unknown;;61034
99.6864;3.75508e-06;0.00666939;2.1942e-06;0.000119348;4.11301;0.000230166;99.79;99.7124;unknown;unknown;;61055
99.6543;3.4969e-06;0.00692069;2.2909e-06;0.000123616;4.37162;0.000233276;99.7847;99.6875;unknown;unknown;;61075
99.6543;3.4969e-06;0.00692069;2.2909e-06;0.000123616;4.37162;0.000233276;99.7847;99.6875;unknown;unknown;;61112
99.7128;2.35116e-06;0.00639405;2.14643e-06;0.000113255;5.23526;0.00020777;99.7648;99.735;unknown;unknown;;61115
99.7128;2.35116e-06;0.00639405;2.14643e-06;0.000113255;5.23526;0.00020777;99.7648;99.735;unknown;unknown;;61180
99.7668;1.69251e-06;0.00558428;2.04045e-06;9.66459e-05;5.62045;0.000182615;99.8604;99.7863;unknown;unknown;;61200
99.7668;1.69251e-06;0.00558428;2.04045e-06;9.66459e-05;5.62045;0.000182615;99.8604;99.7863;unknown;unknown;;61220
99.7833;1.27724e-06;0.00524193;2.02617e-06;8.91492e-05;6.1739;0.000173154;99.9306;99.8042;unknown;unknown;;61241
99.7833;1.27724e-06;0.00524193;2.02617e-06;8.91492e-05;6.1739;0.000173154;99.9306;99.8042;unknown;unknown;;61280
99.7625;1.38621e-06;0.00525837;2.17304e-06;8.71503e-05;5.73042;0.000177803;99.9606;99.7933;unknown;unknown;;61280
99.7625;1.38621e-06;0.00525837;2.17304e-06;8.71503e-05;5.73042;0.000177803;99.9606;99.7933;unknown;unknown;;61344
99.7994;1.17291e-06;0.0051883;1.95067e-06;8.66753e-05;6.31657;0.000166359;99.9032;99.8172;unknown;unknown;;61364
99.7994;1.17291e-06;0.0051883;1.95067e-06;8.66753e-05;6.31657;0.000166359;99.9032;99.8172;unknown;unknown;;61412
99.8087;7.20752e-07;0.00551502;1.87488e-06;9.10105e-05;8.49175;0.000164803;99.1865;99.8199;unknown;unknown;;61432
99.8087;7.20752e-07;0.00551502;1.87488e-06;9.10105e-05;8.49175;0.000164803;99.1865;99.8199;unknown;unknown;;61480
99.7982;5.0301e-07;0.00560571;2.12782e-06;8.7095e-05;9.78351;0.000166621;97.2908;99.8161;unknown;unknown;;61500
99.7982;5.0301e-07;0.00560571;2.12782e-06;8.7095e-05;9.78351;0.000166621;97.2908;99.8161;unknown;unknown;;61521
99.7862;5.06981e-07;0.00574204;2.21844e-06;8.91405e-05;9.80143;0.000171119;96.7622;99.8066;unknown;unknown;;61540
99.7862;5.06981e-07;0.00574204;2.21844e-06;8.91405e-05;9.80143;0.000171119;96.7622;99.8066;unknown;unknown;;61580
99.7921;4.31694e-07;0.0056837;2.53855e-06;8.76376e-05;10.058;0.000168791;92.5297;99.8117;unknown;unknown;;61580
99.7921;4.31694e-07;0.0056837;2.53855e-06;8.76376e-05;10.058;0.000168791;92.5297;99.8117;unknown;unknown;;61612
99.7883;2.59597e-07;0.00624632;4.9308e-06;9.1838e-05;10.6688;0.000171661;72.3217;99.8057;unknown;unknown;;61621
99.7883;2.59597e-07;0.00624632;4.9308e-06;9.1838e-05;10.6688;0.000171661;72.3217;99.8057;unknown;unknown;;61645
99.7499;2.05625e-07;0.00695653;8.56795e-06;0.000102913;10.7516;0.000187256;57.108;99.7712;unknown;unknown;;61660
99.7499;2.05625e-07;0.00695653;8.56795e-06;0.000102913;10.7516;0.000187256;57.108;99.7712;unknown;unknown;;61712
0;0;0;0;0;0;0;0;0;unknown;unknown;;61732
0;0;0;0;0;0;0;0;0;unknown;unknown;;61780
99.7232;9.69928e-08;0.00981077;2.18107e-05;0.000112238;12.1751;0.000197988;29.783;99.7456;unknown;unknown;;61800
99.7232;9.69928e-08;0.00981077;2.18107e-05;0.000112238;12.1751;0.000197988;29.783;99.7456;unknown;unknown;;61844
99.7384;1.00024e-07;0.0113941;2.33686e-05;0.000105716;11.2821;0.00019137;27.7551;99.7613;unknown;unknown;;61864
99.7384;1.00024e-07;0.0113941;2.33686e-05;0.000105716;11.2821;0.00019137;27.7551;99.7613;unknown;unknown;;61912
99.7273;1.08743e-07;0.0104138;2.30807e-05;0.000108322;11.0567;0.000195545;28.5279;99.7517;unknown;unknown;;61932
99.7273;1.08743e-07;0.0104138;2.30807e-05;0.000108322;11.0567;0.000195545;28.5279;99.7517;unknown;unknown;;61952
99.7471;9.61022e-08;0.0099191;2.24113e-05;0.000103205;11.5634;0.000188266;28.8713;99.7689;unknown;unknown;;61972
99.7471;9.61022e-08;0.0099191;2.24113e-05;0.000103205;11.5634;0.000188266;28.8713;99.7689;unknown;unknown;;62012
99.6594;1.16432e-07;0.0104644;2.60958e-05;0.000116888;11.2428;0.00021663;28.1689;99.6987;unknown;unknown;;62013
99.6594;1.16432e-07;0.0104644;2.60958e-05;0.000116888;11.2428;0.00021663;28.1689;99.6987;unknown;unknown;;62080
99.5919;1.52203e-07;0.00919315;3.0739e-05;0.000107917;9.63407;0.000229656;28.9991;99.664;unknown;unknown;;62100
99.5919;1.52203e-07;0.00919315;3.0739e-05;0.000107917;9.63407;0.000229656;28.9991;99.664;unknown;unknown;;62120
99.5372;1.72434e-07;0.0093008;3.30867e-05;0.000110974;9.95356;0.000244877;29.9371;99.6205;unknown;male;;62140
99.5372;1.72434e-07;0.0093008;3.30867e-05;0.000110974;9.95356;0.000244877;29.9371;99.6205;unknown;male;;62180
99.4693;2.34814e-07;0.00811169;4.62367e-05;8.35772e-05;9.0778;0.000252188;31.7884;99.5989;unknown;male;;62201
99.4693;2.34814e-07;0.00811169;4.62367e-05;8.35772e-05;9.0778;0.000252188;31.7884;99.5989;unknown;male;;62221
